{"id": "stickyads", "name": "StickyAds", "category": "advertising", "website_url": null, "ghostery_id": "2348", "company_id": "comcast", "company_name": "Comcast", "iab_vendor": null, "truste_type": null, "description": null, "truste_privacy_url": null, "privacy_url": null, "date_range": ["2017-05", "2019-03"], "domains": ["stickyadstv.com"], "overview": {"reach": 0.003162744249068417, "site_reach_top10k": 525, "site_avg_frequency": 0.08731216992285837, "cookies": 0.32479478004170137, "bad_qs": 0.07207545015161655, "tracked": 0.32971725882183844, "https": 0.9138175714181643, "requests": 8.362868133091785, "requests_tracking": 4.190226316764714, "content_length": 35303.07759253794, "requests_failed": 3.7101068874231005, "has_blocking": 0.0, "script": 0.09145099693266633, "iframe": 3.2815066753502625e-06, "beacon": 0.0, "image": 0.8428173616205042, "stylesheet": 0.0, "font": 0.0, "xhr": 0.3154558308107662, "plugin": 0.003703070899576926, "media": 0.000387217787691331, "referer_leaked": 0.19222956720645992, "referer_leaked_header": 0.17762248715891746, "referer_leaked_url": 0.0, "hosts": 1.0, "reach_rank": 224, "site_reach_rank": 87}, "reach_time_series": {"page": [0.006619310619750025, 0.006825947140044204, 0.006848414081490492, 0.006400268285254507, 0.006271339572497959, 0.006191114126075039, 0.006489653369045594, 0.005408190927473713, 0.003607781259910787, 0.00404537829445926, 0.003711296962605275, 0.003399115162030485, 0.00447224289308692, 0.0035673728293170548, 0.003024298429999015, 0.002439831143982634, 0.0024918835389800553, 0.002623561268401812, 0.0025050012980699873, 0.002459317268594951, 0.0032357545640614217, 0.0033355850314058344, 0.003162744249068417], "ts": ["2017-05", "2017-06", "2017-07", "2017-08", "2017-09", "2017-10", "2017-11", "2017-12", "2018-01", "2018-02", "2018-03", "2018-04", "2018-05", "2018-06", "2018-07", "2018-08", "2018-09", "2018-10", "2018-11", "2018-12", "2019-01", "2019-02", "2019-03"], "site": [257, 311, 338, 317, 483, 563, 525]}, "presence_by_category": [["News and Portals", 33.93939393939394], ["Business", 20.0], ["E-Commerce", 19.696969696969695], ["Entertainment", 14.545454545454545], ["Reference", 7.575757575757576], ["Recreation", 4.242424242424242]], "tracking_method": {"cookies": true, "fingerprinting": false}}