{"id": "bunchbox", "name": "Bunchbox", "category": "site_analytics", "website_url": null, "ghostery_id": "2366", "company_id": "bunchbox", "company_name": "Bunchbox", "iab_vendor": null, "truste_type": null, "description": null, "truste_privacy_url": null, "privacy_url": null, "date_range": ["2017-05", "2019-03"], "domains": ["bunchbox.co"], "overview": {"reach": 8.198167953185796e-05, "site_reach_top10k": 5, "site_avg_frequency": 0.6524201140984078, "cookies": 0.0031733439111463705, "bad_qs": 0.0, "tracked": 0.0031733439111463705, "https": 0.9979660215888663, "requests": 2.1175065619013056, "requests_tracking": 0.009351236844548347, "content_length": 23809.779807067443, "requests_failed": 0.620194620506891, "has_blocking": 0.0, "script": 0.9474119523660823, "iframe": 0.0, "beacon": 0.046519871378294664, "image": 0.3510933688927899, "stylesheet": 0.0, "font": 0.0, "xhr": 0.0, "plugin": 0.0, "media": 0.0, "referer_leaked": 0.7969059896866323, "referer_leaked_header": 0.7948298125532759, "referer_leaked_url": 0.0, "hosts": 1.0, "reach_rank": 1030, "site_reach_rank": 1037}, "reach_time_series": {"page": [0.004407074141777194, 0.004559434008831555, 0.0041097571142320165, 0.0037597948836326496, 0.00405750405794481, 0.003427045562994266, 0.0035664879304648854, 0.0029430964358548857, 0.002442489476363482, 0.0013058868299610702, 0.0008947444859242801, 0.0006115607494359024, 0.0007959903453242073, 0.0004042357828079123, 0.0004385256853909652, 0.00015769143589076498, 9.442750907407407e-05, 0.00011550104438910837, 0.00012165147172636749, 0.00013384311271787523, 9.114588523531324e-05, 7.818417680845909e-05, 8.198167953185796e-05], "ts": ["2017-05", "2017-06", "2017-07", "2017-08", "2017-09", "2017-10", "2017-11", "2017-12", "2018-01", "2018-02", "2018-03", "2018-04", "2018-05", "2018-06", "2018-07", "2018-08", "2018-09", "2018-10", "2018-11", "2018-12", "2019-01", "2019-02", "2019-03"], "site": [6, 5, 5, 6, 4, 5, 5]}, "presence_by_category": [["E-Commerce", 50.0], ["Business", 33.333333333333336], ["News and Portals", 16.666666666666668]], "tracking_method": {"cookies": false, "fingerprinting": false}}