{"id": "adskeeper", "name": "AdsKeeper", "category": "advertising", "website_url": null, "ghostery_id": "2632", "company_id": "adskeeper", "company_name": "Adskeeper", "iab_vendor": null, "truste_type": null, "description": null, "truste_privacy_url": null, "privacy_url": null, "date_range": ["2017-09", "2019-03"], "domains": ["adskeeper.co.uk"], "overview": {"reach": 0.0011022051318508258, "site_reach_top10k": 61, "site_avg_frequency": 0.395908830823127, "cookies": 0.08030247294102581, "bad_qs": 0.02191334348607221, "tracked": 0.08339537552369677, "https": 0.6160513295024111, "requests": 2.3885123810265148, "requests_tracking": 0.8076041335792422, "content_length": 9587.859994526058, "requests_failed": 1.5781863425155775, "has_blocking": 0.0, "script": 0.9399617828477302, "iframe": 0.0426502917133814, "beacon": 0.0, "image": 0.08744935662353218, "stylesheet": 1.2554912046563658e-06, "font": 0.004644689711626225, "xhr": 0.0011142484441325246, "plugin": 0.0, "media": 0.0, "referer_leaked": 0.08652657058810974, "referer_leaked_header": 0.07436462728860353, "referer_leaked_url": 0.0, "hosts": 1.0, "reach_rank": 505, "site_reach_rank": 473}, "reach_time_series": {"page": [0.0008813584820947154, 0.0008213829644920665, 0.0007480227862184075, 0.0008830065739332203, 0.0009241413987477351, 0.0009107273968746219, 0.001106250945603446, 0.0011661961961561087, 0.0015565039744375453, 0.0011566652662132967, 0.0009159612537762555, 0.0010339136531688044, 0.0011523655359436669, 0.001111842729528771, 0.0009612397395006692, 0.0010232571783350844, 0.0008151006951720736, 0.000824716676436961, 0.0011022051318508258], "ts": ["2017-09", "2017-10", "2017-11", "2017-12", "2018-01", "2018-02", "2018-03", "2018-04", "2018-05", "2018-06", "2018-07", "2018-08", "2018-09", "2018-10", "2018-11", "2018-12", "2019-01", "2019-02", "2019-03"], "site": [71, 80, 63, 56, 50, 55, 61]}, "presence_by_category": [["Entertainment", 66.66666666666667], ["Adult", 20.833333333333332], ["Business", 4.166666666666667], ["News and Portals", 4.166666666666667], ["Reference", 4.166666666666667]], "tracking_method": {"cookies": false, "fingerprinting": false}}