{"id": "seznam", "name": "Seznam", "category": "site_analytics", "website_url": null, "ghostery_id": "2707", "company_id": "seznam", "company_name": "Seznam", "iab_vendor": null, "truste_type": null, "description": null, "truste_privacy_url": null, "privacy_url": null, "date_range": ["2018-02", "2019-03"], "domains": ["imedia.cz", "szn.cz"], "overview": {"reach": 0.0018641282082680142, "site_reach_top10k": 62, "site_avg_frequency": 0.47385479497521127, "cookies": 0.5276254649341047, "bad_qs": 0.07078615944850399, "tracked": 0.5286539709947187, "https": 0.9598949446570205, "requests": 17.783196415706488, "requests_tracking": 10.142784924201962, "content_length": 1696628.387382298, "requests_failed": 5.872837900986527, "has_blocking": 0.0, "script": 0.9082914810672856, "iframe": 0.1479148347987658, "beacon": 0.0, "image": 0.49456962904373436, "stylesheet": 0.05471347884844438, "font": 5.938685301271361e-06, "xhr": 0.22165474784898961, "plugin": 5.4561671205430633e-05, "media": 0.004722368318004721, "referer_leaked": 0.5459088211375626, "referer_leaked_header": 0.5115520419983824, "referer_leaked_url": 0.0, "hosts": 1.295301868941381, "reach_rank": 336, "site_reach_rank": 469}, "reach_time_series": {"page": [0.0014466266371583327, 0.0013628541966242704, 0.0012951100042116574, 0.0021268750883525287, 0.0021276285938649775, 0.001809184858454021, 0.0013683386711384258, 0.0014718174657719501, 0.0014926377383057265, 0.0015116258445900595, 0.0014081532733415932, 0.0016303120804043447, 0.0017813571376583146, 0.0018641282082680142], "ts": ["2018-02", "2018-03", "2018-04", "2018-05", "2018-06", "2018-07", "2018-08", "2018-09", "2018-10", "2018-11", "2018-12", "2019-01", "2019-02", "2019-03"], "site": [43, 48, 45, 42, 52, 58, 62]}, "presence_by_category": [["Entertainment", 30.0], ["News and Portals", 30.0], ["Business", 20.0], ["E-Commerce", 20.0]], "tracking_method": {"cookies": true, "fingerprinting": false}}