{"id": "vimeo", "name": "Vimeo", "category": "audio_video_player", "website_url": null, "ghostery_id": "2727", "company_id": "iac_apps", "company_name": "IAC (InterActiveCorp)", "iab_vendor": null, "truste_type": null, "description": null, "truste_privacy_url": null, "privacy_url": null, "date_range": ["2017-05", "2019-03"], "domains": ["vimeo.com", "vimeocdn.com"], "overview": {"reach": 0.003189781798260028, "site_reach_top10k": 314, "site_avg_frequency": 0.10578161919553587, "cookies": 0.44487226874278224, "bad_qs": 0.002346779322485959, "tracked": 0.44541520142086544, "https": 0.9501098446297169, "requests": 40.31779413589325, "requests_tracking": 3.8629555927488664, "content_length": 20596850.580328442, "requests_failed": 7.856375109866321, "has_blocking": 0.0, "script": 0.878220612440208, "iframe": 0.5410268824341431, "beacon": 0.002575839213838688, "image": 0.6398271812531832, "stylesheet": 0.6139885313877125, "font": 0.002331595428172805, "xhr": 0.43195901736777215, "plugin": 0.0003804650089324681, "media": 0.08469402717656786, "referer_leaked": 0.8995290389809611, "referer_leaked_header": 0.8945905858119956, "referer_leaked_url": 0.0, "hosts": 1.5463206387300363, "reach_rank": 221, "site_reach_rank": 135}, "reach_time_series": {"page": [0.001862298563594272, 0.0020639333738524247, 0.0020248971469589727, 0.0019046979397827496, 0.0017898150931419826, 0.0017913748880224992, 0.001834497025032958, 0.001917417342537792, 0.0019437913171994803, 0.0021190391942655907, 0.002359060261259293, 0.002503144846659969, 0.003019178188237693, 0.002516931453018245, 0.002730156816383462, 0.0023387392782854895, 0.0029420709906358435, 0.0029920762814312604, 0.0029336155368804126, 0.002740444467318422, 0.0029870967231650338, 0.0031706867344764938, 0.003189781798260028], "ts": ["2017-05", "2017-06", "2017-07", "2017-08", "2017-09", "2017-10", "2017-11", "2017-12", "2018-01", "2018-02", "2018-03", "2018-04", "2018-05", "2018-06", "2018-07", "2018-08", "2018-09", "2018-10", "2018-11", "2018-12", "2019-01", "2019-02", "2019-03"], "site": [240, 305, 306, 285, 309, 300, 314]}, "presence_by_category": [["Business", 43.43434343434343], ["Entertainment", 19.19191919191919], ["News and Portals", 16.161616161616163], ["E-Commerce", 9.090909090909092], ["Reference", 8.080808080808081], ["Recreation", 3.0303030303030303], ["Adult", 1.0101010101010102]], "tracking_method": {"cookies": true, "fingerprinting": false}}