{"id": "adtrue", "name": "Adtrue", "category": "advertising", "website_url": null, "ghostery_id": "2730", "company_id": "adtrue", "company_name": "AdTrue", "iab_vendor": null, "truste_type": null, "description": null, "truste_privacy_url": null, "privacy_url": null, "date_range": ["2018-01", "2019-03"], "domains": ["adtrue.com"], "overview": {"reach": 0.0005541545563413659, "site_reach_top10k": 49, "site_avg_frequency": 0.3636626589507277, "cookies": 0.15381964560401143, "bad_qs": 0.0014583374952554088, "tracked": 0.15389206304812514, "https": 0.7560443594302495, "requests": 8.88570904169247, "requests_tracking": 4.947297580757936, "content_length": 7086.198169087241, "requests_failed": 3.4344359929680164, "has_blocking": 0.0, "script": 0.9846300217751763, "iframe": 0.16094277523623068, "beacon": 0.0, "image": 0.00010488043630261502, "stylesheet": 1.2485766226501788e-06, "font": 0.0, "xhr": 0.06458137722995785, "plugin": 0.0, "media": 0.0, "referer_leaked": 0.1600962402860739, "referer_leaked_header": 0.12916025730667038, "referer_leaked_url": 0.0, "hosts": 1.0, "reach_rank": 717, "site_reach_rank": 540}, "reach_time_series": {"page": [0.0010714669243789728, 0.0013227927914559313, 0.0014490703531168895, 0.0013104751745022772, 0.0015901748768858252, 0.0012322689652524337, 0.0006881118715138074, 0.0006442530389600466, 0.00048362126531564976, 0.0004791501153612487, 0.000431792654998993, 0.00047844105814141163, 0.0004976723497645229, 0.0005109609763522064, 0.0005541545563413659], "ts": ["2018-01", "2018-02", "2018-03", "2018-04", "2018-05", "2018-06", "2018-07", "2018-08", "2018-09", "2018-10", "2018-11", "2018-12", "2019-01", "2019-02", "2019-03"], "site": [30, 33, 30, 29, 36, 44, 49]}, "presence_by_category": [["Entertainment", 52.63157894736842], ["E-Commerce", 15.789473684210526], ["News and Portals", 15.789473684210526], ["Adult", 5.2631578947368425], ["Business", 5.2631578947368425], ["Recreation", 5.2631578947368425]], "tracking_method": {"cookies": false, "fingerprinting": false}}