{"id": "hola_player", "name": "Hola Player", "category": "audio_video_player", "website_url": null, "ghostery_id": "2937", "company_id": "hola_cdn", "company_name": "Hola CDN", "iab_vendor": null, "truste_type": null, "description": null, "truste_privacy_url": null, "privacy_url": null, "date_range": ["2017-06", "2019-03"], "domains": ["h-cdn.com"], "overview": {"reach": 0.001613569550970655, "site_reach_top10k": 63, "site_avg_frequency": 0.4183600026406588, "cookies": 0.0006123315337875793, "bad_qs": 0.035655447735273814, "tracked": 0.036175157692522095, "https": 0.8791498539923759, "requests": 14.53947523016033, "requests_tracking": 0.2362360478030248, "content_length": 156810466.3763399, "requests_failed": 3.5154720913180135, "has_blocking": 0.0, "script": 0.7502300531287655, "iframe": 4.288035950893412e-07, "beacon": 0.3565437572628609, "image": 0.03686724669499629, "stylesheet": 0.5040521939735942, "font": 8.576071901786824e-07, "xhr": 0.6461101081871471, "plugin": 3.2589073226789936e-05, "media": 0.05938500988392287, "referer_leaked": 0.9107471045037242, "referer_leaked_header": 0.8973371296744952, "referer_leaked_url": 0.0, "hosts": 1.0, "reach_rank": 380, "site_reach_rank": 462}, "reach_time_series": {"page": [0.0011852242472975864, 0.001172993208035827, 0.000990920227483101, 0.0007290376138680519, 0.0007188300314983828, 0.0010730945428871009, 0.0012583285990088097, 0.0012589597799328098, 0.0011215061874077386, 0.0009992738923205713, 0.001043623709096288, 0.001357343139317688, 0.0010709420738934175, 0.0012881364061497606, 0.0016997816676193223, 0.0016052519625444626, 0.0017964136950747748, 0.0017955499100891074, 0.0017988920581877537, 0.0021401861644713078, 0.0023223603073437497, 0.001613569550970655], "ts": ["2017-06", "2017-07", "2017-08", "2017-09", "2017-10", "2017-11", "2017-12", "2018-01", "2018-02", "2018-03", "2018-04", "2018-05", "2018-06", "2018-07", "2018-08", "2018-09", "2018-10", "2018-11", "2018-12", "2019-01", "2019-02", "2019-03"], "site": [56, 64, 64, 73, 63, 64, 63]}, "presence_by_category": [["News and Portals", 60.60606060606061], ["Entertainment", 27.272727272727273], ["Adult", 6.0606060606060606], ["Business", 6.0606060606060606]], "tracking_method": {"cookies": false, "fingerprinting": false}}