{"id": "travel_audience", "name": "Travel Audience", "category": "site_analytics", "website_url": null, "ghostery_id": "2944", "company_id": null, "company_name": null, "iab_vendor": 423, "truste_type": null, "description": null, "truste_privacy_url": null, "privacy_url": null, "date_range": ["2018-05", "2019-03"], "domains": ["travelaudience.com"], "overview": {"reach": 0.00017951321909729747, "site_reach_top10k": 22, "site_avg_frequency": 0.22882971683019768, "cookies": 0.20776417625111776, "bad_qs": 0.026355955721377694, "tracked": 0.2078720976843144, "https": 0.9988938053097345, "requests": 4.1590877555425365, "requests_tracking": 1.1887931300299097, "content_length": 68.53606503037217, "requests_failed": 2.65545311584595, "has_blocking": 0.0, "script": 0.8147220252227807, "iframe": 0.027300268261848233, "beacon": 0.0, "image": 0.2595741728593013, "stylesheet": 0.006386636243100737, "font": 0.0002158428663932657, "xhr": 0.01844685640282446, "plugin": 0.0, "media": 0.0, "referer_leaked": 0.12314991828805773, "referer_leaked_header": 0.11118991088773088, "referer_leaked_url": 0.0, "hosts": 1.0, "reach_rank": 932, "site_reach_rank": 767}, "reach_time_series": {"page": [0.00023397380728406046, 0.0001958368266090126, 0.00025794923597644644, 0.0002068319406744717, 0.0001679144247521444, 0.00017456316824931558, 0.00017686922932957122, 0.00018700942285919053, 0.00019855214031364252, 0.000197652442822393, 0.00017951321909729747], "ts": ["2018-05", "2018-06", "2018-07", "2018-08", "2018-09", "2018-10", "2018-11", "2018-12", "2019-01", "2019-02", "2019-03"], "site": [20, 18, 21, 25, 26, 22, 22]}, "presence_by_category": [["Recreation", 63.63636363636363], ["Business", 27.272727272727273], ["Entertainment", 9.090909090909092]], "tracking_method": {"cookies": true, "fingerprinting": false}}