{"id": "a3cloud_net", "name": "a3cloud.net", "category": "unknown", "website_url": null, "ghostery_id": null, "company_id": null, "company_name": null, "iab_vendor": null, "truste_type": null, "description": null, "truste_privacy_url": null, "privacy_url": null, "date_range": ["2017-09", "2019-03"], "domains": ["a3cloud.net"], "overview": {"reach": 0.0004137318615084298, "site_reach_top10k": 50, "site_avg_frequency": 0.10607249675946641, "cookies": 0.22142413970141867, "bad_qs": 0.000841191984092608, "tracked": 0.22172349032796454, "https": 0.9640628736656739, "requests": 1.3892243808542697, "requests_tracking": 0.3116206575345215, "content_length": 723.2431295686508, "requests_failed": 0.228827632571355, "has_blocking": 0.0, "script": 0.5650652801771353, "iframe": 0.4345952327994635, "beacon": 0.0, "image": 0.0004766197126568455, "stylesheet": 0.0, "font": 0.0, "xhr": 0.00010535804174519743, "plugin": 0.0, "media": 0.0, "referer_leaked": 0.6951724276332403, "referer_leaked_header": 0.6951690829335023, "referer_leaked_url": 0.0, "hosts": 1.0, "reach_rank": 775, "site_reach_rank": 536}, "reach_time_series": {"page": [0.001286214323150281, 0.0014269793069567982, 0.0025161937250227787, 0.0018753881999732857, 0.0002809098714868188, 0.0002028250929891744, 0.0002917247787560127, 0.0004357276158067842, 0.0005501309513259615, 0.00046133240653417016, 0.0004921275878027762, 0.00029762446578589414, 0.00030889402105600073, 0.00025129937485985856, 0.0001687257417918931, 0.0001553839676274979, 0.00033931054041904307, 0.0004391947655661054, 0.0004137318615084298], "ts": ["2017-09", "2017-10", "2017-11", "2017-12", "2018-01", "2018-02", "2018-03", "2018-04", "2018-05", "2018-06", "2018-07", "2018-08", "2018-09", "2018-10", "2018-11", "2018-12", "2019-01", "2019-02", "2019-03"], "site": [14, 14, 10, 10, 34, 56, 50]}, "presence_by_category": [["News and Portals", 33.333333333333336], ["Business", 29.166666666666668], ["Entertainment", 20.833333333333332], ["Reference", 8.333333333333334], ["E-Commerce", 4.166666666666667], ["Recreation", 4.166666666666667]]}