{"id": "ad-blocker.org", "name": "ad-blocker.org", "category": "unknown", "website_url": null, "ghostery_id": null, "company_id": null, "company_name": null, "iab_vendor": null, "truste_type": null, "description": null, "truste_privacy_url": null, "privacy_url": null, "date_range": ["2018-12", "2019-03"], "domains": ["ad-blocker.org"], "overview": {"reach": 0.001120970963648939, "site_reach_top10k": 123, "site_avg_frequency": 0.021968098127640202, "cookies": 0.04971903385172987, "bad_qs": 2.4689468213544148e-06, "tracked": 0.04971903385172987, "https": 0.9999975310531787, "requests": 1.4548571590816506, "requests_tracking": 0.05334036160195146, "content_length": 330.9495618853866, "requests_failed": 0.4577279269981804, "has_blocking": 0.0, "script": 0.9996191649528061, "iframe": 0.0, "beacon": 0.0, "image": 6.172367053386037e-07, "stylesheet": 0.0, "font": 0.0, "xhr": 0.03285674429858455, "plugin": 0.0, "media": 0.0, "referer_leaked": 0.7301897879421575, "referer_leaked_header": 0.7301897879421575, "referer_leaked_url": 0.0, "hosts": 1.0, "reach_rank": 501, "site_reach_rank": 284}, "reach_time_series": {"page": [0.0012263827647424402, 0.0011743206877519777, 0.0011461192463137683, 0.001120970963648939], "ts": ["2018-12", "2019-01", "2019-02", "2019-03"], "site": [200, 161, 137, 123]}, "presence_by_category": [["Entertainment", 45.945945945945944], ["E-Commerce", 13.513513513513514], ["News and Portals", 13.513513513513514], ["Business", 10.81081081081081], ["Adult", 8.108108108108109], ["Reference", 8.108108108108109]]}