{"id": "ad-delivery.net", "name": "ad-delivery.net", "category": "unknown", "website_url": null, "ghostery_id": null, "company_id": null, "company_name": null, "iab_vendor": null, "truste_type": null, "description": null, "truste_privacy_url": null, "privacy_url": null, "date_range": ["2018-07", "2019-03"], "domains": ["ad-delivery.net"], "overview": {"reach": 0.0020589242122910816, "site_reach_top10k": 90, "site_avg_frequency": 0.08896531945868187, "cookies": 8.93896801966573e-05, "bad_qs": 2.352360005175192e-06, "tracked": 8.93896801966573e-05, "https": 0.9999485841313155, "requests": 2.1023804202995224, "requests_tracking": 0.00023254758908303327, "content_length": 8.972681035105612, "requests_failed": 1.824000793081373, "has_blocking": 0.0, "script": 0.9983835926250153, "iframe": 0.0, "beacon": 0.0, "image": 0.9979662167498113, "stylesheet": 0.0, "font": 0.0, "xhr": 8.737337162079285e-06, "plugin": 0.0, "media": 0.0, "referer_leaked": 0.16021923995248233, "referer_leaked_header": 0.16021923995248233, "referer_leaked_url": 0.0, "hosts": 1.0, "reach_rank": 302, "site_reach_rank": 372}, "reach_time_series": {"page": [0.0012650716199346112, 0.001647843678999556, 0.001684429740122084, 0.0018571578729794835, 0.0023310046827653866, 0.0032445382468808807, 0.003104300278460402, 0.0017111479672505703, 0.0020589242122910816], "ts": ["2018-07", "2018-08", "2018-09", "2018-10", "2018-11", "2018-12", "2019-01", "2019-02", "2019-03"], "site": [38, 46, 76, 58, 65, 72, 90]}, "presence_by_category": [["Entertainment", 62.22222222222222], ["Business", 15.555555555555555], ["Reference", 11.11111111111111], ["News and Portals", 8.88888888888889], ["E-Commerce", 2.2222222222222223]]}