{"id": "adnetworkperformance.com", "name": "adnetworkperformance.com", "category": "unknown", "website_url": null, "ghostery_id": "", "company_id": null, "company_name": null, "iab_vendor": null, "truste_type": null, "description": null, "truste_privacy_url": null, "privacy_url": null, "date_range": ["2017-05", "2019-03"], "domains": ["adnetworkperformance.com"], "overview": {"reach": 8.356268114157291e-05, "site_reach_top10k": 6, "site_avg_frequency": 0.2590708030958848, "cookies": 0.03673036796608485, "bad_qs": 0.0, "tracked": 0.03673036796608485, "https": 0.8358228728513232, "requests": 2.169857251680853, "requests_tracking": 0.049473387871360915, "content_length": 5.391721591097274, "requests_failed": 2.02668664922333, "has_blocking": 0.0, "script": 0.9996439572086245, "iframe": 0.021917331831881562, "beacon": 0.0, "image": 0.00019872155797701454, "stylesheet": 0.0, "font": 0.0, "xhr": 0.0, "plugin": 0.0, "media": 0.0, "referer_leaked": 0.05137780280197397, "referer_leaked_header": 0.05026827410326897, "referer_leaked_url": 0.0, "hosts": 1.0, "reach_rank": 1029, "site_reach_rank": 1019}, "reach_time_series": {"page": [0.0010451228863745706, 0.0003996958430501908, 0.0001536556775179754, 0.0003046636950713286, 8.886880362511587e-05, 7.393204180856964e-05, 7.668879189788578e-05, 7.499567171110568e-05, 7.261701093010459e-05, 0.00013454521210281992, 0.00012720872912467984, 0.00015076102213791806, 0.00016553561546021442, 7.276079879698109e-05, 6.605254673297847e-05, 6.045346522972171e-05, 7.059964015550405e-05, 6.987282537538922e-05, 5.86152918774982e-05, 5.739893176866244e-05, 5.54618696067475e-05, 5.0855544547841274e-05, 8.356268114157291e-05], "ts": ["2017-05", "2017-06", "2017-07", "2017-08", "2017-09", "2017-10", "2017-11", "2017-12", "2018-01", "2018-02", "2018-03", "2018-04", "2018-05", "2018-06", "2018-07", "2018-08", "2018-09", "2018-10", "2018-11", "2018-12", "2019-01", "2019-02", "2019-03"], "site": [11, 9, 8, 7, 7, 7, 6]}, "presence_by_category": [["Entertainment", 100.0]]}