{"id": "adspyglass", "name": "AdSpyglass", "category": "advertising", "website_url": null, "ghostery_id": "2835", "company_id": "adspyglass", "company_name": "AdSpyglass", "iab_vendor": null, "truste_type": null, "description": null, "truste_privacy_url": null, "privacy_url": null, "date_range": ["2017-05", "2019-03"], "domains": ["o333o.com"], "overview": {"reach": 0.0007326340702286353, "site_reach_top10k": 55, "site_avg_frequency": 0.335983696433088, "cookies": 0.05485018878687199, "bad_qs": 0.0, "tracked": 0.05485018878687199, "https": 0.7620869873997276, "requests": 4.941764113683885, "requests_tracking": 0.303579489756022, "content_length": 479.1092083417543, "requests_failed": 4.568449643297641, "has_blocking": 0.0, "script": 0.34211127753653436, "iframe": 0.7626186882948361, "beacon": 0.0, "image": 0.04977872554223103, "stylesheet": 9.444065632478519e-07, "font": 0.004624758940224731, "xhr": 0.04806462762993618, "plugin": 7.177489880683675e-05, "media": 0.0, "referer_leaked": 0.04701822515785756, "referer_leaked_header": 0.04653280018434816, "referer_leaked_url": 0.0, "hosts": 1.0, "reach_rank": 642, "site_reach_rank": 501}, "reach_time_series": {"page": [0.001058868518156359, 0.0009619045178787038, 0.0009716014683910775, 0.0009318815834161056, 0.0008698989118991182, 0.0008664163649584544, 0.0010280901111311342, 0.0010102650134728732, 0.0007461335127955116, 0.0005037651410824548, 0.000342601655144029, 0.00036365702216925236, 0.00044306930532101997, 0.0003955043843204969, 0.0004541926381957226, 0.00036161089100360304, 0.0003477990126082615, 0.0003758064169455691, 0.00046566927420880783, 0.0006272237460984602, 0.0005810785400129139, 0.0006311643327100544, 0.0007326340702286353], "ts": ["2017-05", "2017-06", "2017-07", "2017-08", "2017-09", "2017-10", "2017-11", "2017-12", "2018-01", "2018-02", "2018-03", "2018-04", "2018-05", "2018-06", "2018-07", "2018-08", "2018-09", "2018-10", "2018-11", "2018-12", "2019-01", "2019-02", "2019-03"], "site": [20, 19, 32, 20, 23, 32, 55]}, "presence_by_category": [["Adult", 57.142857142857146], ["Entertainment", 33.333333333333336], ["Business", 4.761904761904762], ["News and Portals", 4.761904761904762]]}