{"id": "adtng.com", "name": "adtng.com", "category": "pornvertising", "website_url": null, "ghostery_id": null, "company_id": null, "company_name": null, "iab_vendor": null, "truste_type": null, "description": null, "truste_privacy_url": null, "privacy_url": null, "date_range": ["2018-12", "2019-03"], "domains": ["adtng.com"], "overview": {"reach": 0.0025659752992293074, "site_reach_top10k": 85, "site_avg_frequency": 0.2875200468892119, "cookies": 0.13854157762738134, "bad_qs": 0.008618418586791833, "tracked": 0.13866318787650977, "https": 0.9999730354214793, "requests": 2.84327108380618, "requests_tracking": 0.29014884177697653, "content_length": 1.697867560236846, "requests_failed": 2.570830150389544, "has_blocking": 0.0, "script": 2.6964578520717827e-07, "iframe": 0.8719562720823045, "beacon": 0.0, "image": 0.005444418049118137, "stylesheet": 2.6964578520717827e-07, "font": 0.0, "xhr": 0.1886805935119449, "plugin": 0.0, "media": 0.0, "referer_leaked": 0.0741401872258545, "referer_leaked_header": 0.0741401872258545, "referer_leaked_url": 0.0, "hosts": 1.0, "reach_rank": 247, "site_reach_rank": 391}, "reach_time_series": {"page": [0.0005128996141697558, 0.002373531880373705, 0.002450432508258334, 0.0025659752992293074], "ts": ["2018-12", "2019-01", "2019-02", "2019-03"], "site": [60, 82, 79, 85]}, "presence_by_category": [["Adult", 77.27272727272727], ["Entertainment", 18.181818181818183], ["Business", 2.272727272727273], ["News and Portals", 2.272727272727273]]}