{"id": "aemediatraffic", "name": "Aemediatraffic", "category": "site_analytics", "website_url": null, "ghostery_id": "aemediatraffic.com", "company_id": null, "company_name": null, "iab_vendor": null, "truste_type": null, "description": null, "truste_privacy_url": null, "privacy_url": null, "date_range": ["2017-11", "2019-03"], "domains": ["aemediatraffic.com", "hprofits.com"], "overview": {"reach": 3.168507121019102e-05, "site_reach_top10k": 6, "site_avg_frequency": 0.06426241835316766, "cookies": 0.3145390225793772, "bad_qs": 6.551076560248068e-05, "tracked": 0.3145390225793772, "https": 0.5355505088002795, "requests": 22.035004585753594, "requests_tracking": 2.607110101760056, "content_length": 70.9701052539634, "requests_failed": 17.255819539677688, "has_blocking": 0.0, "script": 0.8406123072891645, "iframe": 0.18790671266978207, "beacon": 0.0, "image": 4.367384373498712e-05, "stylesheet": 0.0, "font": 0.0, "xhr": 0.265995545267939, "plugin": 0.0, "media": 0.0, "referer_leaked": 0.23673406996549767, "referer_leaked_header": 0.23230117482639648, "referer_leaked_url": 0.0, "hosts": 1.0, "reach_rank": 1094, "site_reach_rank": 1019}, "reach_time_series": {"page": [0.0008238768377286628, 0.0008338113480059591, 0.00033863537556720147, 0.00018368396831590592, 4.4655773884616544e-05, 5.1967755880848154e-05, 0.00011400811710061616, 9.996591726952465e-05, 4.223307786256589e-05, 1.351403998432949e-05, 1.3005816280545348e-05, 2.626957916226795e-05, 6.447128291582854e-05, 7.358940615739563e-05, 4.158748550576694e-05, 3.3548751210106284e-05, 3.168507121019102e-05], "ts": ["2017-11", "2017-12", "2018-01", "2018-02", "2018-03", "2018-04", "2018-05", "2018-06", "2018-07", "2018-08", "2018-09", "2018-10", "2018-11", "2018-12", "2019-01", "2019-02", "2019-03"], "site": [1, 7, 8, 7, 7, 5, 6]}, "presence_by_category": []}