{"id": "algovid.com", "name": "algovid.com", "category": "unknown", "website_url": null, "ghostery_id": null, "company_id": null, "company_name": null, "iab_vendor": null, "truste_type": null, "description": null, "truste_privacy_url": null, "privacy_url": null, "date_range": ["2017-06", "2019-03"], "domains": ["algovid.com"], "overview": {"reach": 4.79662742203453e-05, "site_reach_top10k": 5, "site_avg_frequency": 0.03496722890787306, "cookies": 0.2612910205553552, "bad_qs": 0.0, "tracked": 0.2612910205553552, "https": 0.8820050486837361, "requests": 14.719567255679769, "requests_tracking": 6.243346556076451, "content_length": 105493.6175694194, "requests_failed": 1.8587378290659935, "has_blocking": 0.0, "script": 0.7742084385142445, "iframe": 0.0010241615578795529, "beacon": 0.0, "image": 0.31293184276956365, "stylesheet": 0.0, "font": 0.0, "xhr": 0.4348070681572304, "plugin": 0.00025964659213847816, "media": 0.0, "referer_leaked": 0.40555355210962857, "referer_leaked_header": 0.2653876667868734, "referer_leaked_url": 0.0, "hosts": 1.0, "reach_rank": 1076, "site_reach_rank": 1037}, "reach_time_series": {"page": [0.0006844818787594928, 0.0005717986415949994, 0.00033936141360277935, 0.0003669837572182641, 0.0006258342289092565, 0.0002184873340309537, 0.000729133071673282, 0.0006780655225673937, 0.00026900914554460687, 0.0002072809611688815, 0.00024333023639594472, 0.00027463686361665186, 0.0001413958001306169, 0.00013531492398684064, 0.00017619066695579705, 0.00020190529428728372, 0.00019038498910540854, 0.00023613224390004264, 0.00020294600187598336, 0.00010595990495841499, 7.043999199275901e-05, 4.79662742203453e-05], "ts": ["2017-06", "2017-07", "2017-08", "2017-09", "2017-10", "2017-11", "2017-12", "2018-01", "2018-02", "2018-03", "2018-04", "2018-05", "2018-06", "2018-07", "2018-08", "2018-09", "2018-10", "2018-11", "2018-12", "2019-01", "2019-02", "2019-03"], "site": [31, 31, 28, 34, 26, 14, 5]}, "presence_by_category": [["Entertainment", 100.0]]}