{"id": "alibaba.com", "name": "Alibaba", "category": "misc", "website_url": null, "ghostery_id": "", "company_id": "alibaba", "company_name": "Alibaba", "iab_vendor": null, "truste_type": null, "description": null, "truste_privacy_url": null, "privacy_url": null, "date_range": ["2017-05", "2019-03"], "domains": ["alibaba.com", "alicdn.com"], "overview": {"reach": 0.008844048970972029, "site_reach_top10k": 115, "site_avg_frequency": 0.29028155027274494, "cookies": 0.5179592562553673, "bad_qs": 0.05883024832299772, "tracked": 0.527577253431593, "https": 0.9085136709433749, "requests": 75.53678679142679, "requests_tracking": 7.692423508566573, "content_length": 1967640.544872343, "requests_failed": 19.501159778419694, "has_blocking": 0.0, "script": 0.9092424979363853, "iframe": 0.6047008558710198, "beacon": 0.0, "image": 0.9072804700104825, "stylesheet": 0.871599475613829, "font": 0.44036280813691997, "xhr": 0.22881521880886857, "plugin": 0.0026396899496744803, "media": 0.003667683368326052, "referer_leaked": 0.8292693822330661, "referer_leaked_header": 0.8249627626204381, "referer_leaked_url": 0.0, "hosts": 1.5793378955691684, "reach_rank": 97, "site_reach_rank": 300}, "reach_time_series": {"page": [0.001540520004499811, 0.0014495215142434153, 0.0014633939223948193, 0.0015310819667782968, 0.001604470420776155, 0.0016351277996647707, 0.0018691268262569448, 0.0024997411681968356, 0.0037973865342733623, 0.007414796798819035, 0.008775574843515292, 0.0072207153384171285, 0.007544367433354817, 0.0069028158016041525, 0.007036217337229414, 0.007307658952048701, 0.007944563514919845, 0.007892590556689777, 0.00945039448503183, 0.007615371845114299, 0.007324613410629399, 0.007449389460098678, 0.008844048970972029], "ts": ["2017-05", "2017-06", "2017-07", "2017-08", "2017-09", "2017-10", "2017-11", "2017-12", "2018-01", "2018-02", "2018-03", "2018-04", "2018-05", "2018-06", "2018-07", "2018-08", "2018-09", "2018-10", "2018-11", "2018-12", "2019-01", "2019-02", "2019-03"], "site": [103, 114, 110, 112, 93, 100, 115]}, "presence_by_category": [["E-Commerce", 35.08771929824562], ["Entertainment", 24.56140350877193], ["Business", 15.789473684210526], ["News and Portals", 14.035087719298245], ["Reference", 5.2631578947368425], ["Adult", 3.508771929824561], ["Recreation", 1.7543859649122806]]}