{"id": "amgload.net", "name": "amgload.net", "category": "unknown", "website_url": null, "ghostery_id": null, "company_id": null, "company_name": null, "iab_vendor": null, "truste_type": null, "description": null, "truste_privacy_url": null, "privacy_url": null, "date_range": ["2018-04", "2019-03"], "domains": ["amgload.net"], "overview": {"reach": 0.00022726638675493282, "site_reach_top10k": 7, "site_avg_frequency": 0.6487764096801687, "cookies": 0.0, "bad_qs": 0.0, "tracked": 0.0, "https": 0.6480264259510146, "requests": 1.3638926521851644, "requests_tracking": 0.0, "content_length": 52.52109357161341, "requests_failed": 0.5047295754494391, "has_blocking": 0.0, "script": 0.0, "iframe": 0.0, "beacon": 0.0, "image": 0.0, "stylesheet": 0.0, "font": 0.0, "xhr": 0.999756442847792, "plugin": 0.0, "media": 0.0, "referer_leaked": 0.8346703606168084, "referer_leaked_header": 0.8346703606168084, "referer_leaked_url": 0.0, "hosts": 1.0, "reach_rank": 898, "site_reach_rank": 997}, "reach_time_series": {"page": [0.0013902180922479089, 0.001829246345937195, 0.0011280900135085229, 0.0007934241112272415, 0.000561023883149175, 0.00047834100328660874, 0.00041077411784093675, 0.00037445113748797373, 0.00033991016989771077, 0.0002894840247659072, 0.000234957875647842, 0.00022726638675493282], "ts": ["2018-04", "2018-05", "2018-06", "2018-07", "2018-08", "2018-09", "2018-10", "2018-11", "2018-12", "2019-01", "2019-02", "2019-03"], "site": [16, 14, 12, 11, 11, 8, 7]}, "presence_by_category": [["Entertainment", 50.0], ["News and Portals", 50.0]]}