{"id": "apicit.net", "name": "apicit.net", "category": "advertising", "website_url": null, "ghostery_id": "", "company_id": null, "company_name": null, "iab_vendor": null, "truste_type": null, "description": null, "truste_privacy_url": null, "privacy_url": null, "date_range": ["2018-05", "2019-03"], "domains": ["apicit.net"], "overview": {"reach": 0.00015171872646541155, "site_reach_top10k": 11, "site_avg_frequency": 0.047193039774804976, "cookies": 0.47988617137228257, "bad_qs": 0.0, "tracked": 0.47988617137228257, "https": 0.8143991389885852, "requests": 1.7524318555981704, "requests_tracking": 0.7366071224980276, "content_length": 179.00240335283684, "requests_failed": 0.5589459906875778, "has_blocking": 0.0, "script": 0.9992931315185816, "iframe": 4.560441815603095e-06, "beacon": 0.0, "image": 0.0007889564340993355, "stylesheet": 0.0, "font": 0.0, "xhr": 6.840662723404644e-05, "plugin": 0.0, "media": 0.0, "referer_leaked": 0.5245648198397461, "referer_leaked_header": 0.49874815872161693, "referer_leaked_url": 0.0, "hosts": 1.0, "reach_rank": 967, "site_reach_rank": 918}, "reach_time_series": {"page": [0.0002377681659637868, 0.0002012352581157778, 0.0001712449441363493, 0.00012399325583880544, 0.00012579524695238915, 0.00014129504279474642, 0.00015290108179851026, 0.00015446437097547, 0.00013306298114255724, 0.00012506910754021236, 0.00015171872646541155], "ts": ["2018-05", "2018-06", "2018-07", "2018-08", "2018-09", "2018-10", "2018-11", "2018-12", "2019-01", "2019-02", "2019-03"], "site": [14, 18, 11, 12, 17, 13, 11]}, "presence_by_category": [["E-Commerce", 50.0], ["Entertainment", 50.0]]}