{"id": "autoscout24.com", "name": "Autoscout24", "category": "misc", "website_url": null, "ghostery_id": "", "company_id": "scout24", "company_name": "Scout 24", "iab_vendor": null, "truste_type": null, "description": null, "truste_privacy_url": null, "privacy_url": null, "date_range": ["2017-05", "2019-03"], "domains": ["autoscout24.com", "autoscout24.net"], "overview": {"reach": 4.115447516229554e-05, "site_reach_top10k": 5, "site_avg_frequency": 0.21229807270778403, "cookies": 0.023453261600537997, "bad_qs": 0.0, "tracked": 0.023453261600537997, "https": 0.960137861466039, "requests": 20.950134498991257, "requests_tracking": 0.12042703429724277, "content_length": 459903.24808338936, "requests_failed": 4.918476798924008, "has_blocking": 0.0, "script": 0.2953429724277068, "iframe": 0.0055817081371889714, "beacon": 0.0, "image": 0.7128614660390047, "stylesheet": 0.11134835238735709, "font": 0.0, "xhr": 0.15998655010087423, "plugin": 0.0, "media": 0.0, "referer_leaked": 0.891156691324815, "referer_leaked_header": 0.891156691324815, "referer_leaked_url": 0.0, "hosts": 1.1969401479488904, "reach_rank": 1086, "site_reach_rank": 1037}, "reach_time_series": {"page": [0.0017406632263070297, 0.001691241885034551, 0.0016741838418402523, 0.0011159403419836026, 0.00019262525400006746, 9.256655234638535e-05, 2.9037040626862365e-05, 2.723875381224816e-05, 2.365490765033073e-05, 1.0537197841062273e-05, 6.400265845323105e-06, 5.031133130267602e-05, 5.454256240963575e-05, 4.411370384782058e-05, 5.854134897522938e-05, 6.620890042589766e-05, 4.787803713009123e-05, 5.458415557804452e-05, 6.170943187924758e-05, 5.7417509478804416e-05, 5.0124148926111416e-05, 4.4261446375245464e-05, 4.115447516229554e-05], "ts": ["2017-05", "2017-06", "2017-07", "2017-08", "2017-09", "2017-10", "2017-11", "2017-12", "2018-01", "2018-02", "2018-03", "2018-04", "2018-05", "2018-06", "2018-07", "2018-08", "2018-09", "2018-10", "2018-11", "2018-12", "2019-01", "2019-02", "2019-03"], "site": [5, 5, 5, 5, 5, 5, 5]}, "presence_by_category": [["E-Commerce", 75.0], ["News and Portals", 25.0]]}