{"id": "bangdom.com", "name": "BangBros", "category": "pornvertising", "website_url": null, "ghostery_id": "bangdom.com", "company_id": null, "company_name": null, "iab_vendor": null, "truste_type": null, "description": null, "truste_privacy_url": null, "privacy_url": null, "date_range": ["2017-05", "2019-03"], "domains": ["bangdom.com"], "overview": {"reach": 0.00024560323780992876, "site_reach_top10k": 11, "site_avg_frequency": 0.48660209777269964, "cookies": 0.04345474368039846, "bad_qs": 0.0, "tracked": 0.04345474368039846, "https": 0.9908780252812234, "requests": 1.0088458927167878, "requests_tracking": 0.048131234734496445, "content_length": 0.9829223561626855, "requests_failed": 0.9522631681254877, "has_blocking": 0.0, "script": 0.9929965320719955, "iframe": 0.0, "beacon": 0.0, "image": 0.0, "stylesheet": 0.0, "font": 0.0, "xhr": 3.6623122712815554e-05, "plugin": 0.0, "media": 0.0, "referer_leaked": 0.05002436846242045, "referer_leaked_header": 0.05002436846242045, "referer_leaked_url": 0.0, "hosts": 1.0, "reach_rank": 886, "site_reach_rank": 918}, "reach_time_series": {"page": [0.0014479395496965143, 0.0015342398255443355, 0.0014381192058434658, 0.0012659907406659691, 0.0010387561684564654, 0.0012295494453102114, 0.0015442100928030973, 0.0015005753104829719, 0.0008248472572181638, 0.00032087654252094315, 0.0004842564623459433, 9.473282724686034e-05, 0.00012702771186214176, 0.00010179276291249844, 0.00011621141196648527, 7.131176769090867e-05, 0.00010330378907732582, 0.0004614284745352499, 0.00041518783830478, 0.0004598261925791504, 0.0002752665014783143, 0.0002156814584017417, 0.00024560323780992876], "ts": ["2017-05", "2017-06", "2017-07", "2017-08", "2017-09", "2017-10", "2017-11", "2017-12", "2018-01", "2018-02", "2018-03", "2018-04", "2018-05", "2018-06", "2018-07", "2018-08", "2018-09", "2018-10", "2018-11", "2018-12", "2019-01", "2019-02", "2019-03"], "site": [10, 12, 12, 12, 11, 11, 11]}, "presence_by_category": [["Adult", 100.0]]}