{"id": "baur.de", "name": "baur.de", "category": "misc", "website_url": null, "ghostery_id": "baur.de", "company_id": null, "company_name": null, "iab_vendor": null, "truste_type": null, "description": null, "truste_privacy_url": null, "privacy_url": null, "date_range": ["2017-09", "2019-03"], "domains": ["baur.de"], "overview": {"reach": 0.00017155424250362084, "site_reach_top10k": 1, "site_avg_frequency": 0.18344138894084472, "cookies": 0.7674040613845813, "bad_qs": 0.0, "tracked": 0.7674040613845813, "https": 0.9927322591703805, "requests": 1.734110387384299, "requests_tracking": 1.06076750892335, "content_length": 9881.28577708766, "requests_failed": 0.5069430720522696, "has_blocking": 0.0, "script": 3.226522010929843e-05, "iframe": 8.066305027324608e-06, "beacon": 0.0, "image": 0.9994313254955736, "stylesheet": 0.0002621549133880498, "font": 1.2099457540986912e-05, "xhr": 0.00038718264131158117, "plugin": 0.0, "media": 0.0, "referer_leaked": 0.6866684143660893, "referer_leaked_header": 0.6866684143660893, "referer_leaked_url": 0.0, "hosts": 1.0, "reach_rank": 940, "site_reach_rank": 1122}, "reach_time_series": {"page": [0.001029304471671208, 0.000961192293554242, 0.0009159010030335897, 0.000985470110469948, 0.0007988707803819916, 0.0006358777989729303, 0.00035062817286219474, 0.00041046201047105426, 0.0004249923571350999, 0.000488552919773368, 0.00040345075631866473, 0.0003038024654620867, 0.00021627105918353058, 0.00038791119873010725, 0.0006821772060354984, 0.0008068732994564042, 0.00026285691584061434, 0.0002045867414495574, 0.00017155424250362084], "ts": ["2017-09", "2017-10", "2017-11", "2017-12", "2018-01", "2018-02", "2018-03", "2018-04", "2018-05", "2018-06", "2018-07", "2018-08", "2018-09", "2018-10", "2018-11", "2018-12", "2019-01", "2019-02", "2019-03"], "site": [1, 1, 2, 1, 1, 1, 1]}, "presence_by_category": [["News and Portals", 100.0]]}