{"id": "belboon_gmbh", "name": "belboon GmbH", "category": "misc", "website_url": null, "ghostery_id": "c_2583", "company_id": null, "company_name": null, "iab_vendor": null, "truste_type": null, "description": null, "truste_privacy_url": null, "privacy_url": null, "date_range": ["2017-05", "2019-03"], "domains": ["belboon.de"], "overview": {"reach": 0.00011090674399318555, "site_reach_top10k": 7, "site_avg_frequency": 0.1608348809780909, "cookies": 0.12865270880642826, "bad_qs": 0.001784243755146857, "tracked": 0.12865270880642826, "https": 0.9833865695106431, "requests": 1.8371347291193572, "requests_tracking": 0.4083110822748484, "content_length": 2120.8826828537917, "requests_failed": 0.6796845756494397, "has_blocking": 0.0, "script": 0.899028023856462, "iframe": 0.03322062236418536, "beacon": 0.0, "image": 0.09697926284530732, "stylesheet": 0.0, "font": 0.0, "xhr": 0.0001746812067975944, "plugin": 0.002158560626855988, "media": 0.0, "referer_leaked": 0.7679173009258103, "referer_leaked_header": 0.767886107853168, "referer_leaked_url": 0.0, "hosts": 1.0, "reach_rank": 1006, "site_reach_rank": 997}, "reach_time_series": {"page": [0.001146630183741428, 0.0011366007094734665, 0.0011646595469827934, 0.0011695625966866535, 0.0010795992519741068, 0.001261250838237349, 0.001432712626741018, 0.0014164024698472724, 0.0012789127259084203, 0.0005505584273628746, 0.0003041311510944275, 0.00031930295589816177, 0.0003901444510737038, 0.0002497082467212001, 0.00025334664347374634, 0.0001960244529292361, 0.00012219922897817843, 0.0002185068301619193, 0.00032278020340428506, 0.00037844653330221896, 0.000182417219205517, 0.00011901225263866108, 0.00011090674399318555], "ts": ["2017-05", "2017-06", "2017-07", "2017-08", "2017-09", "2017-10", "2017-11", "2017-12", "2018-01", "2018-02", "2018-03", "2018-04", "2018-05", "2018-06", "2018-07", "2018-08", "2018-09", "2018-10", "2018-11", "2018-12", "2019-01", "2019-02", "2019-03"], "site": [5, 11, 18, 28, 16, 9, 7]}, "presence_by_category": [["Business", 57.142857142857146], ["E-Commerce", 42.857142857142854]]}