{"id": "bigpoint", "name": "Bigpoint", "category": "misc", "website_url": null, "ghostery_id": "c_1959", "company_id": null, "company_name": null, "iab_vendor": null, "truste_type": null, "description": null, "truste_privacy_url": null, "privacy_url": null, "date_range": ["2018-11", "2019-03"], "domains": ["bigpoint-payment.com", "bigpoint.com", "bigpoint.net", "bpcdn.net", "bpsecure.com"], "overview": {"reach": 7.760261642993853e-05, "site_reach_top10k": 3, "site_avg_frequency": 0.9575555950568216, "cookies": 0.710203462971879, "bad_qs": 7.13279480732538e-05, "tracked": 0.7102302109524065, "https": 0.8890761247525811, "requests": 238.0570534424651, "requests_tracking": 51.537500668699515, "content_length": 18946275.598200753, "requests_failed": 65.64641844540738, "has_blocking": 0.0, "script": 0.7236398651901781, "iframe": 0.016735319816687175, "beacon": 0.0, "image": 0.9631412828331462, "stylesheet": 0.7470978441127695, "font": 0.005670571871823678, "xhr": 0.7354535565898108, "plugin": 0.38124788245154156, "media": 0.0, "referer_leaked": 0.9143886303250771, "referer_leaked_header": 0.9124716917206084, "referer_leaked_url": 0.0, "hosts": 3.5459441145526847, "reach_rank": 1037, "site_reach_rank": 1075}, "reach_time_series": {"page": [0.00011291082720780699, 0.00016019249826924634, 0.00010095794412704472, 8.826472644808781e-05, 7.760261642993853e-05], "ts": ["2018-11", "2018-12", "2019-01", "2019-02", "2019-03"], "site": [3, 4, 3, 3, 3]}, "presence_by_category": [["Entertainment", 100.0]]}