{"id": "bodelen.com", "name": "bodelen.com", "category": "advertising", "website_url": null, "ghostery_id": null, "company_id": null, "company_name": null, "iab_vendor": null, "truste_type": null, "description": null, "truste_privacy_url": null, "privacy_url": null, "date_range": ["2018-11", "2019-03"], "domains": ["bodelen.com"], "overview": {"reach": 0.000340684051904204, "site_reach_top10k": 24, "site_avg_frequency": 0.18824111452462486, "cookies": 0.11140446722693172, "bad_qs": 0.0012937004707688684, "tracked": 0.11176394129808727, "https": 0.7660859569524723, "requests": 1.4812322040025507, "requests_tracking": 0.1326642105990016, "content_length": 50.54826091724785, "requests_failed": 1.3504730028879781, "has_blocking": 0.0, "script": 0.9994435260141433, "iframe": 0.00022949474599196566, "beacon": 0.0, "image": 0.004277132168664422, "stylesheet": 0.0, "font": 0.0, "xhr": 4.6711319980665574e-05, "plugin": 0.0, "media": 0.0, "referer_leaked": 0.1116644258772589, "referer_leaked_header": 0.11139634351910899, "referer_leaked_url": 0.0, "hosts": 1.0, "reach_rank": 814, "site_reach_rank": 746}, "reach_time_series": {"page": [0.0020901914986603625, 0.0032810744101601026, 0.0026598329509641546, 0.0011028968991992857, 0.000340684051904204], "ts": ["2018-11", "2018-12", "2019-01", "2019-02", "2019-03"], "site": [180, 194, 174, 115, 24]}, "presence_by_category": [["Entertainment", 81.81818181818181], ["Adult", 9.090909090909092], ["Business", 9.090909090909092]]}