{"id": "boltdns.net", "name": "boltdns.net", "category": "unknown", "website_url": null, "ghostery_id": null, "company_id": null, "company_name": null, "iab_vendor": null, "truste_type": null, "description": null, "truste_privacy_url": null, "privacy_url": null, "date_range": ["2019-03", "2019-03"], "domains": ["boltdns.net"], "overview": {"reach": 0.0013317112132274862, "site_reach_top10k": 115, "site_avg_frequency": 0.21817889155703277, "cookies": 0.0011243287279498562, "bad_qs": 0.0008853309391989626, "tracked": 0.0015378988145709678, "https": 0.9783493981412207, "requests": 19.128352203767438, "requests_tracking": 0.06524120072489069, "content_length": 482336.5031152842, "requests_failed": 3.823140597203518, "has_blocking": 0.0, "script": 0.0, "iframe": 0.0, "beacon": 0.0, "image": 0.8301286847224301, "stylesheet": 0.0, "font": 0.0, "xhr": 0.7957436572065107, "plugin": 0.0007518039137446589, "media": 1.40281310788568e-05, "referer_leaked": 0.8495379029710542, "referer_leaked_header": 0.8490718572829901, "referer_leaked_url": 0.0, "hosts": 1.0, "reach_rank": 440, "site_reach_rank": 300}, "reach_time_series": {"page": [0.0013317112132274862], "ts": ["2019-03"], "site": [115]}, "presence_by_category": [["News and Portals", 62.5], ["Business", 17.5], ["Reference", 10.0], ["Entertainment", 7.5], ["Political", 2.5]]}