{"id": "bongacams.com", "name": "bongacams.com", "category": "pornvertising", "website_url": null, "ghostery_id": "bongacams.com", "company_id": null, "company_name": null, "iab_vendor": null, "truste_type": null, "description": null, "truste_privacy_url": null, "privacy_url": null, "date_range": ["2017-06", "2019-03"], "domains": ["bongacams.com"], "overview": {"reach": 0.00016226888512840219, "site_reach_top10k": 15, "site_avg_frequency": 0.17653829639309568, "cookies": 0.14516576057989553, "bad_qs": 0.00026010020253704294, "tracked": 0.14532779021426287, "https": 0.7975354439825179, "requests": 2.4250506342607396, "requests_tracking": 0.6345037842447501, "content_length": 81024.89874000639, "requests_failed": 1.513237394734037, "has_blocking": 0.0, "script": 0.5348257115446114, "iframe": 0.42635966314891804, "beacon": 0.0, "image": 0.013840741925167892, "stylesheet": 0.0015136979000106598, "font": 0.00035817077070674766, "xhr": 0.002438972391003091, "plugin": 0.00029847564225562307, "media": 0.02996269054471805, "referer_leaked": 0.17430977507728387, "referer_leaked_header": 0.17430977507728387, "referer_leaked_url": 0.0, "hosts": 1.0, "reach_rank": 955, "site_reach_rank": 851}, "reach_time_series": {"page": [0.001129582717414254, 0.0010278688879097344, 0.0011981381539067366, 0.0005948202546825812, 0.0005405901807037472, 0.0005992481994172845, 0.0007531388145190297, 0.000685396243284848, 0.0008534607745582371, 0.0008366624868318389, 0.0008578168472991318, 0.0010025195455289156, 0.001035618781805187, 0.001064063676144982, 0.0007258694961541457, 0.0005016719679032878, 0.00032523215806289893, 0.00024325960141379998, 0.00026067623614217775, 0.0001979765520006154, 0.00017350866588114087, 0.00016226888512840219], "ts": ["2017-06", "2017-07", "2017-08", "2017-09", "2017-10", "2017-11", "2017-12", "2018-01", "2018-02", "2018-03", "2018-04", "2018-05", "2018-06", "2018-07", "2018-08", "2018-09", "2018-10", "2018-11", "2018-12", "2019-01", "2019-02", "2019-03"], "site": [26, 25, 22, 25, 19, 18, 15]}, "presence_by_category": [["Adult", 90.9090909090909], ["Entertainment", 9.090909090909092]]}