{"id": "booking.com", "name": "Booking.com", "category": "misc", "website_url": null, "ghostery_id": "c_1707", "company_id": null, "company_name": null, "iab_vendor": null, "truste_type": null, "description": null, "truste_privacy_url": null, "privacy_url": null, "date_range": ["2017-05", "2019-03"], "domains": ["booking.com", "bstatic.com"], "overview": {"reach": 0.0015939685905323115, "site_reach_top10k": 40, "site_avg_frequency": 0.1312222541366356, "cookies": 0.1883167422032251, "bad_qs": 0.0019546468114254164, "tracked": 0.18854810501701363, "https": 0.9581663042850738, "requests": 108.99141353129541, "requests_tracking": 5.612748134447405, "content_length": 1944801.5264693385, "requests_failed": 30.832934344615996, "has_blocking": 0.0, "script": 0.8720576662046645, "iframe": 0.1616223351496544, "beacon": 3.776466191294942e-05, "image": 0.8967870086090407, "stylesheet": 0.8733347194845253, "font": 0.4797440337260135, "xhr": 0.04462003324158401, "plugin": 0.0763957406670281, "media": 4.297358079749416e-05, "referer_leaked": 0.28060576254014663, "referer_leaked_header": 0.28058709724747705, "referer_leaked_url": 0.0, "hosts": 1.1223544660619402, "reach_rank": 384, "site_reach_rank": 599}, "reach_time_series": {"page": [0.0037681936656319207, 0.0044331886527954716, 0.0050640221344470755, 0.00490147128174554, 0.00398226593966631, 0.0033262096309715464, 0.0025825436609767266, 0.002416968450420644, 0.00391448983041324, 0.0024111372851622114, 0.0018871798513015927, 0.002006167633884738, 0.0026695382473477824, 0.002342331707008802, 0.002864321901989966, 0.002373148864360768, 0.0016580885815502655, 0.0015752611340720249, 0.0015221338811407476, 0.001554205037907771, 0.001741332980892902, 0.0015921783402007795, 0.0015939685905323115], "ts": ["2017-05", "2017-06", "2017-07", "2017-08", "2017-09", "2017-10", "2017-11", "2017-12", "2018-01", "2018-02", "2018-03", "2018-04", "2018-05", "2018-06", "2018-07", "2018-08", "2018-09", "2018-10", "2018-11", "2018-12", "2019-01", "2019-02", "2019-03"], "site": [42, 42, 46, 40, 41, 40, 40]}, "presence_by_category": [["Recreation", 76.92307692307692], ["Reference", 15.384615384615385], ["Business", 7.6923076923076925]]}