{"id": "boudja.com", "name": "boudja.com", "category": "unknown", "website_url": null, "ghostery_id": null, "company_id": null, "company_name": null, "iab_vendor": null, "truste_type": null, "description": null, "truste_privacy_url": null, "privacy_url": null, "date_range": ["2018-05", "2019-03"], "domains": ["boudja.com"], "overview": {"reach": 0.00036457274406044836, "site_reach_top10k": 63, "site_avg_frequency": 0.12740300814112393, "cookies": 0.3862770253856431, "bad_qs": 0.0, "tracked": 0.3862770253856431, "https": 0.7085528513300133, "requests": 1.898844588849751, "requests_tracking": 0.6019392232479047, "content_length": 2413.4615837179645, "requests_failed": 1.2237109802016275, "has_blocking": 0.0, "script": 5.693550346167861e-06, "iframe": 0.9797062887161424, "beacon": 0.0, "image": 0.4087817320539293, "stylesheet": 1.897850115389287e-06, "font": 0.0, "xhr": 0.007593298311672538, "plugin": 0.0, "media": 3.795700230778574e-06, "referer_leaked": 0.37031800376533464, "referer_leaked_header": 0.37031800376533464, "referer_leaked_url": 0.0, "hosts": 1.0, "reach_rank": 797, "site_reach_rank": 462}, "reach_time_series": {"page": [0.0013818103034670566, 0.0013128836608375365, 0.0008773882248426488, 0.0008807982161723968, 0.0010484340782744787, 0.0008641027011737951, 0.0007594464298924148, 0.0005218788407383781, 0.0003569434670085084, 0.000478483494658614, 0.00036457274406044836], "ts": ["2018-05", "2018-06", "2018-07", "2018-08", "2018-09", "2018-10", "2018-11", "2018-12", "2019-01", "2019-02", "2019-03"], "site": [123, 94, 80, 79, 66, 73, 63]}, "presence_by_category": [["Entertainment", 85.71428571428571], ["Business", 14.285714285714286]]}