{"id": "bumlam.com", "name": "bumlam.com", "category": "unknown", "website_url": null, "ghostery_id": null, "company_id": null, "company_name": null, "iab_vendor": null, "truste_type": null, "description": null, "truste_privacy_url": null, "privacy_url": null, "date_range": ["2017-10", "2019-03"], "domains": ["bumlam.com"], "overview": {"reach": 0.0006851631995761482, "site_reach_top10k": 103, "site_avg_frequency": 0.07851157963901868, "cookies": 0.5723807052108695, "bad_qs": 0.1959632701409836, "tracked": 0.6112887866483145, "https": 0.9574494297944877, "requests": 3.122408627255349, "requests_tracking": 1.4375823649820199, "content_length": 173.1452804675958, "requests_failed": 1.2889310552715103, "has_blocking": 0.0, "script": 0.01663810505757596, "iframe": 0.0029679164095785236, "beacon": 0.0, "image": 0.9787449116744441, "stylesheet": 0.0, "font": 0.0, "xhr": 0.015508095373221295, "plugin": 0.0, "media": 0.0, "referer_leaked": 0.7559623410892324, "referer_leaked_header": 0.7559623410892324, "referer_leaked_url": 0.0, "hosts": 1.0, "reach_rank": 653, "site_reach_rank": 328}, "reach_time_series": {"page": [0.0009199968952582442, 0.0013580629863614868, 0.0011203910405679998, 0.00045134651378791964, 0.0007587827456920974, 0.0007882194755348736, 0.0009178380515273052, 0.0007282051486555832, 0.0008739583371686615, 0.0006524150580217192, 0.0004923732018988774, 0.0006835598646817651, 0.0008458228787229096, 0.0006273784214753331, 0.0005433484810924566, 0.000699831756151047, 0.0007583864346164138, 0.0006851631995761482], "ts": ["2017-10", "2017-11", "2017-12", "2018-01", "2018-02", "2018-03", "2018-04", "2018-05", "2018-06", "2018-07", "2018-08", "2018-09", "2018-10", "2018-11", "2018-12", "2019-01", "2019-02", "2019-03"], "site": [70, 75, 63, 53, 82, 96, 103]}, "presence_by_category": [["Entertainment", 38.888888888888886], ["News and Portals", 38.888888888888886], ["Business", 12.962962962962964], ["Reference", 5.555555555555555], ["E-Commerce", 3.7037037037037037]]}