{"id": "cdn13.com", "name": "cdn13.com", "category": "misc", "website_url": null, "ghostery_id": "cdn13.com", "company_id": null, "company_name": null, "iab_vendor": null, "truste_type": null, "description": null, "truste_privacy_url": null, "privacy_url": null, "date_range": ["2017-05", "2019-03"], "domains": ["cdn13.com"], "overview": {"reach": 0.0012248085201382044, "site_reach_top10k": 40, "site_avg_frequency": 0.16200419259368778, "cookies": 0.0015224277044558268, "bad_qs": 0.1452983534619554, "tracked": 0.14544635942060752, "https": 0.9745983361192725, "requests": 34.68607427752473, "requests_tracking": 0.9024832801283923, "content_length": 371825779.00909674, "requests_failed": 7.440262365982582, "has_blocking": 0.0, "script": 0.00028640847723899966, "iframe": 0.00021071077319555597, "beacon": 0.0, "image": 0.017520629036622437, "stylesheet": 0.000795390800695289, "font": 4.9711925043455564e-05, "xhr": 0.8594937631305859, "plugin": 0.0021737669041729207, "media": 0.2878297863686512, "referer_leaked": 0.5489750022455102, "referer_leaked_header": 0.548769940554706, "referer_leaked_url": 0.0, "hosts": 1.0, "reach_rank": 468, "site_reach_rank": 599}, "reach_time_series": {"page": [0.0042110674027502236, 0.003843316215084783, 0.003459047218614771, 0.003974759888176836, 0.00395826940378664, 0.004346752083088303, 0.004553365716172432, 0.004216622732084174, 0.0028590856549957654, 0.002090069157225976, 0.0016683194255262502, 0.0016837629130242648, 0.0022591133253421418, 0.0021693612404702707, 0.002167176511482471, 0.0017162349377526282, 0.0013680455405365272, 0.0014187925620841705, 0.001571852015581309, 0.001850993246280929, 0.0013696394484182949, 0.0012245953681931693, 0.0012248085201382044], "ts": ["2017-05", "2017-06", "2017-07", "2017-08", "2017-09", "2017-10", "2017-11", "2017-12", "2018-01", "2018-02", "2018-03", "2018-04", "2018-05", "2018-06", "2018-07", "2018-08", "2018-09", "2018-10", "2018-11", "2018-12", "2019-01", "2019-02", "2019-03"], "site": [43, 48, 52, 65, 53, 43, 40]}, "presence_by_category": [["Adult", 100.0]]}