{"id": "cdnsure.com", "name": "cdnsure.com", "category": "unknown", "website_url": null, "ghostery_id": null, "company_id": null, "company_name": null, "iab_vendor": null, "truste_type": null, "description": null, "truste_privacy_url": null, "privacy_url": null, "date_range": ["2018-09", "2019-03"], "domains": ["cdnsure.com"], "overview": {"reach": 0.0019289665718769367, "site_reach_top10k": 402, "site_avg_frequency": 0.02837185995085904, "cookies": 0.813543770618051, "bad_qs": 0.0, "tracked": 0.813543770618051, "https": 0.8478078014741515, "requests": 1.3538616217387296, "requests_tracking": 1.0477189176547728, "content_length": 11.358133640660437, "requests_failed": 0.23672508679443985, "has_blocking": 0.0, "script": 0.0, "iframe": 0.9999440440846527, "beacon": 0.0, "image": 0.0, "stylesheet": 0.0, "font": 0.0, "xhr": 0.0, "plugin": 0.0, "media": 0.0, "referer_leaked": 0.7515456924885281, "referer_leaked_header": 0.7515456924885281, "referer_leaked_url": 0.0, "hosts": 1.0, "reach_rank": 326, "site_reach_rank": 111}, "reach_time_series": {"page": [0.0005550761039275661, 0.0019075469056727295, 0.002218517644382722, 0.0021670558289263882, 0.0017858316149818637, 0.001739696656460551, 0.0019289665718769367], "ts": ["2018-09", "2018-10", "2018-11", "2018-12", "2019-01", "2019-02", "2019-03"], "site": [81, 431, 523, 499, 367, 338, 402]}, "presence_by_category": [["Adult", 40.84507042253521], ["Entertainment", 33.80281690140845], ["Reference", 9.154929577464788], ["Business", 8.450704225352112], ["News and Portals", 5.633802816901408], ["E-Commerce", 2.112676056338028]]}