{"id": "cdnwidget.com", "name": "cdnwidget.com", "category": "cdn", "website_url": null, "ghostery_id": null, "company_id": null, "company_name": null, "iab_vendor": null, "truste_type": null, "description": null, "truste_privacy_url": null, "privacy_url": null, "date_range": ["2019-02", "2019-03"], "domains": ["cdnwidget.com"], "overview": {"reach": 0.0006891022114641601, "site_reach_top10k": 65, "site_avg_frequency": 0.21112143510415296, "cookies": 0.749084793413324, "bad_qs": 0.15161905718158541, "tracked": 0.7693076961694865, "https": 0.9975430493498669, "requests": 2.6386384858677645, "requests_tracking": 1.4586605753300868, "content_length": 5359.406360761082, "requests_failed": 0.5737466740298208, "has_blocking": 0.0, "script": 0.20395602188864903, "iframe": 0.0005492243586525428, "beacon": 0.0, "image": 0.685890857974798, "stylesheet": 0.0, "font": 0.0, "xhr": 0.5149164114664391, "plugin": 0.0, "media": 0.0, "referer_leaked": 0.915583111601988, "referer_leaked_header": 0.9155188513479592, "referer_leaked_url": 0.0, "hosts": 1.0, "reach_rank": 652, "site_reach_rank": 451}, "reach_time_series": {"page": [0.0006002197637030053, 0.0006891022114641601], "ts": ["2019-02", "2019-03"], "site": [64, 65]}, "presence_by_category": [["News and Portals", 36.36363636363637], ["Business", 31.818181818181817], ["Entertainment", 22.727272727272727], ["Recreation", 4.545454545454546], ["Reference", 4.545454545454546]]}