{"id": "chaturbate.com", "name": "chaturbate.com", "category": "pornvertising", "website_url": null, "ghostery_id": "chaturbate.com", "company_id": null, "company_name": null, "iab_vendor": null, "truste_type": null, "description": null, "truste_privacy_url": null, "privacy_url": null, "date_range": ["2017-06", "2019-03"], "domains": ["chaturbate.com"], "overview": {"reach": 0.0006161443494351041, "site_reach_top10k": 35, "site_avg_frequency": 0.38469538484684634, "cookies": 0.1906199291413299, "bad_qs": 0.0009084732820141381, "tracked": 0.19086248813875273, "https": 0.9316455269762662, "requests": 3.421896564309016, "requests_tracking": 1.7868681253895262, "content_length": 38036.68732460795, "requests_failed": 1.6225658474685711, "has_blocking": 0.0, "script": 0.03913172862589205, "iframe": 0.9158185523944279, "beacon": 0.0, "image": 0.08392541310829249, "stylesheet": 1.1229583214019012e-05, "font": 0.0, "xhr": 0.021628177270200617, "plugin": 0.0027692152205770885, "media": 0.00012914020696121864, "referer_leaked": 0.10973211829242957, "referer_leaked_header": 0.10908529429930208, "referer_leaked_url": 0.0, "hosts": 1.0, "reach_rank": 684, "site_reach_rank": 643}, "reach_time_series": {"page": [0.0006557976024906305, 0.0005417487980899006, 0.00036490051011883295, 0.0003881888593323393, 0.0005923148349540392, 0.0005321231473891085, 0.0005081554992740108, 0.0005103896652440501, 0.0003246443890216866, 0.0003578691282350043, 0.0003603060605889855, 0.0004741067293655237, 0.0004522931127136693, 0.0004918846642012966, 0.0004065230765284091, 0.0004468189635461275, 0.00045745612368908325, 0.0004811977636028014, 0.0005974746395911074, 0.0005651514702400481, 0.000595423178570506, 0.0006161443494351041], "ts": ["2017-06", "2017-07", "2017-08", "2017-09", "2017-10", "2017-11", "2017-12", "2018-01", "2018-02", "2018-03", "2018-04", "2018-05", "2018-06", "2018-07", "2018-08", "2018-09", "2018-10", "2018-11", "2018-12", "2019-01", "2019-02", "2019-03"], "site": [20, 25, 28, 39, 29, 31, 35]}, "presence_by_category": [["Adult", 83.33333333333333], ["Business", 16.666666666666668]]}