{"id": "clcknads.pro", "name": "clcknads.pro", "category": "pornvertising", "website_url": null, "ghostery_id": null, "company_id": null, "company_name": null, "iab_vendor": null, "truste_type": null, "description": null, "truste_privacy_url": null, "privacy_url": null, "date_range": ["2018-11", "2019-03"], "domains": ["clcknads.pro"], "overview": {"reach": 0.001050770340751049, "site_reach_top10k": 41, "site_avg_frequency": 0.4294416283460449, "cookies": 0.037023331033065904, "bad_qs": 0.0008224334019901703, "tracked": 0.03734532457475782, "https": 0.7776914445855041, "requests": 1.8652776387667054, "requests_tracking": 0.13062994842835546, "content_length": 441.72497537309107, "requests_failed": 1.700270105829861, "has_blocking": 0.0, "script": 0.54427839206039, "iframe": 0.06853853123534896, "beacon": 0.0, "image": 0.023276379765372723, "stylesheet": 0.0, "font": 0.0, "xhr": 0.5309482545184452, "plugin": 0.0, "media": 0.0, "referer_leaked": 0.0414370789061965, "referer_leaked_header": 0.04106635832547555, "referer_leaked_url": 0.0, "hosts": 1.0, "reach_rank": 530, "site_reach_rank": 588}, "reach_time_series": {"page": [0.0010014611516323592, 0.0015095999558568836, 0.0014687992940119086, 0.0016636140016090372, 0.001050770340751049], "ts": ["2018-11", "2018-12", "2019-01", "2019-02", "2019-03"], "site": [22, 34, 43, 55, 41]}, "presence_by_category": [["Adult", 80.0], ["Business", 6.666666666666667], ["Entertainment", 6.666666666666667], ["News and Portals", 6.666666666666667]]}