{"id": "congstar.de", "name": "congstar.de", "category": "advertising", "website_url": null, "ghostery_id": "congstar.de", "company_id": null, "company_name": null, "iab_vendor": null, "truste_type": null, "description": null, "truste_privacy_url": null, "privacy_url": null, "date_range": ["2017-05", "2019-03"], "domains": ["congstar.de"], "overview": {"reach": 1.345338962770132e-05, "site_reach_top10k": 1, "site_avg_frequency": 0.010956521739130434, "cookies": 0.9665192347253652, "bad_qs": 0.00015428924089693478, "tracked": 0.9665192347253652, "https": 0.9216724953713228, "requests": 2.0271549063978607, "requests_tracking": 1.5790475210861963, "content_length": 3072.73678255503, "requests_failed": 0.49171981073853116, "has_blocking": 0.0, "script": 0.0025200576013166016, "iframe": 0.8463279160666529, "beacon": 0.0, "image": 0.10265377494342728, "stylesheet": 0.00015428924089693478, "font": 5.142974696564493e-05, "xhr": 0.0012857436741411231, "plugin": 0.0, "media": 0.042583830487554, "referer_leaked": 0.6766611808269903, "referer_leaked_header": 0.6766611808269903, "referer_leaked_url": 0.0, "hosts": 1.0, "reach_rank": 1121, "site_reach_rank": 1122}, "reach_time_series": {"page": [0.003082603627919991, 0.003150685929437748, 0.0031159832410684518, 0.0018147530497390645, 0.001178360505084311, 0.0015733157647100648, 0.0010260032601620579, 0.0008928583475083044, 0.0009027139426135496, 0.00016186064782854883, 6.398887665769849e-05, 5.026735542891924e-05, 7.386906922591896e-05, 4.817279065566401e-05, 9.638236812304419e-05, 7.035163700530125e-05, 3.73515117874017e-05, 3.5943892974765866e-05, 6.277612761525923e-05, 8.226829307872267e-05, 3.307664976613521e-05, 2.654287376389552e-05, 1.345338962770132e-05], "ts": ["2017-05", "2017-06", "2017-07", "2017-08", "2017-09", "2017-10", "2017-11", "2017-12", "2018-01", "2018-02", "2018-03", "2018-04", "2018-05", "2018-06", "2018-07", "2018-08", "2018-09", "2018-10", "2018-11", "2018-12", "2019-01", "2019-02", "2019-03"], "site": [8, 2, 6, 11, 2, 3, 1]}, "presence_by_category": [["Reference", 100.0]]}