{"id": "cpx.to", "name": "cpx.to", "category": "unknown", "website_url": null, "ghostery_id": "cpx.to", "company_id": null, "company_name": null, "iab_vendor": null, "truste_type": null, "description": null, "truste_privacy_url": null, "privacy_url": null, "date_range": ["2017-05", "2019-03"], "domains": ["cpx.to"], "overview": {"reach": 0.002194823235997402, "site_reach_top10k": 97, "site_avg_frequency": 0.41632268135318906, "cookies": 0.3346284599583626, "bad_qs": 0.007838221924071638, "tracked": 0.3348251720915922, "https": 0.9350146966661076, "requests": 1.902489417265525, "requests_tracking": 0.856724528615941, "content_length": 1012.6414640804906, "requests_failed": 0.914705745129168, "has_blocking": 0.0, "script": 0.9956464830770821, "iframe": 0.0004571035147162112, "beacon": 0.0, "image": 0.004449981526713129, "stylesheet": 0.0, "font": 0.0, "xhr": 0.000135239591595348, "plugin": 0.0, "media": 0.0, "referer_leaked": 0.34880465854682696, "referer_leaked_header": 0.3228162746504892, "referer_leaked_url": 0.0, "hosts": 1.0, "reach_rank": 288, "site_reach_rank": 350}, "reach_time_series": {"page": [0.004254919806107842, 0.004139657602372565, 0.004164655866789409, 0.004106181190107454, 0.003868453798065592, 0.0035208998660688742, 0.0032650989510795386, 0.00297905413656498, 0.0025928476824627106, 0.00197521660356772, 0.001581113736114393, 0.001575743508453022, 0.0017490031840849936, 0.001236307525704738, 0.001424393873710342, 0.0013445547096144516, 0.001450427043218445, 0.001622929344226025, 0.0014582838341163208, 0.0014592233985218886, 0.002014902234781521, 0.002177952854815116, 0.002194823235997402], "ts": ["2017-05", "2017-06", "2017-07", "2017-08", "2017-09", "2017-10", "2017-11", "2017-12", "2018-01", "2018-02", "2018-03", "2018-04", "2018-05", "2018-06", "2018-07", "2018-08", "2018-09", "2018-10", "2018-11", "2018-12", "2019-01", "2019-02", "2019-03"], "site": [113, 121, 61, 70, 107, 103, 97]}, "presence_by_category": [["Entertainment", 44.18604651162791], ["News and Portals", 32.55813953488372], ["Reference", 11.627906976744185], ["Business", 6.976744186046512], ["E-Commerce", 4.651162790697675]]}