{"id": "dailymotion", "name": "Dailymotion", "category": "misc", "website_url": null, "ghostery_id": "c_1475", "company_id": "vivendi", "company_name": "Vivendi", "iab_vendor": null, "truste_type": null, "description": null, "truste_privacy_url": null, "privacy_url": null, "date_range": ["2017-05", "2019-03"], "domains": ["dailymotion.com", "dailymotionbus.com", "dm-event.net", "dmcdn.net"], "overview": {"reach": 0.0024134387417342755, "site_reach_top10k": 191, "site_avg_frequency": 0.2525720080561205, "cookies": 0.5633635407140256, "bad_qs": 0.036472760320058716, "tracked": 0.5635108984521704, "https": 0.8201868633730014, "requests": 72.8310864622962, "requests_tracking": 3.8464532368531956, "content_length": 11573073.011275448, "requests_failed": 16.962239722944517, "has_blocking": 0.0, "script": 0.9372806476859962, "iframe": 0.5440748714920114, "beacon": 0.0002818145069966257, "image": 0.593079346694915, "stylesheet": 0.07516506073489655, "font": 0.4144789011814421, "xhr": 0.591912812382637, "plugin": 0.0005266462353538163, "media": 0.004823529074484463, "referer_leaked": 0.9391894177649214, "referer_leaked_header": 0.9166256224717684, "referer_leaked_url": 0.0, "hosts": 2.124773301300704, "reach_rank": 267, "site_reach_rank": 202}, "reach_time_series": {"page": [0.0009609291148714345, 0.0008225180894632903, 0.0007968379048482654, 0.0006481448472509263, 0.0005519040010583289, 0.0005087372876909362, 0.0004373324139423205, 0.000650878932216412, 0.0006929779444548259, 0.0015836218203294325, 0.0014275900465998339, 0.002072826263325269, 0.002554022598222147, 0.002189861938064878, 0.002040830326862257, 0.0018826879004569027, 0.0019885587104515306, 0.002084277720949632, 0.0019618894318485227, 0.0020524870904808147, 0.002460572394265248, 0.002503513430247762, 0.0024134387417342755], "ts": ["2017-05", "2017-06", "2017-07", "2017-08", "2017-09", "2017-10", "2017-11", "2017-12", "2018-01", "2018-02", "2018-03", "2018-04", "2018-05", "2018-06", "2018-07", "2018-08", "2018-09", "2018-10", "2018-11", "2018-12", "2019-01", "2019-02", "2019-03"], "site": [160, 171, 162, 171, 183, 188, 191]}, "presence_by_category": [["News and Portals", 51.5625], ["Entertainment", 31.25], ["Business", 9.375], ["Reference", 3.125], ["Adult", 1.5625], ["Banking", 1.5625], ["Political", 1.5625]]}