{"id": "datds.net", "name": "datds.net", "category": "extensions", "website_url": null, "ghostery_id": null, "company_id": null, "company_name": null, "iab_vendor": null, "truste_type": null, "description": null, "truste_privacy_url": null, "privacy_url": null, "date_range": ["2018-04", "2019-03"], "domains": ["datds.net"], "overview": {"reach": 6.036035817431638e-05, "site_reach_top10k": 5, "site_avg_frequency": 0.02439049266874245, "cookies": 0.8419725349045141, "bad_qs": 0.03539741855613379, "tracked": 0.8474632614227745, "https": 0.8157683578257181, "requests": 1.7360897773905866, "requests_tracking": 1.0275109470643526, "content_length": 115.87672803136248, "requests_failed": 0.5476627157889911, "has_blocking": 0.0, "script": 0.007427955707375226, "iframe": 0.0084710791168986, "beacon": 0.0, "image": 1.1462894610146955e-05, "stylesheet": 0.0, "font": 0.0, "xhr": 0.991494532199271, "plugin": 0.0, "media": 0.0, "referer_leaked": 0.6357435979733602, "referer_leaked_header": 0.63572067218414, "referer_leaked_url": 0.0, "hosts": 1.0, "reach_rank": 1059, "site_reach_rank": 1037}, "reach_time_series": {"page": [0.0011986855716876195, 0.0013715209271323028, 0.000982021901698334, 0.0004825142911468903, 0.0003674679556316817, 0.00028219718361546044, 0.0003280981578857476, 0.00028440805160048885, 0.00026028300794417254, 0.00033449552280045085, 0.00017639996761677717, 6.036035817431638e-05], "ts": ["2018-04", "2018-05", "2018-06", "2018-07", "2018-08", "2018-09", "2018-10", "2018-11", "2018-12", "2019-01", "2019-02", "2019-03"], "site": [14, 35, 34, 31, 39, 17, 5]}, "presence_by_category": [["Entertainment", 100.0]]}