{"id": "deichmann.com", "name": "deichmann.com", "category": "advertising", "website_url": null, "ghostery_id": "deichmann.com", "company_id": null, "company_name": null, "iab_vendor": null, "truste_type": null, "description": null, "truste_privacy_url": null, "privacy_url": null, "date_range": ["2017-08", "2019-03"], "domains": ["deichmann.com"], "overview": {"reach": 2.4329435274576298e-05, "site_reach_top10k": 11, "site_avg_frequency": 0.023656653706013154, "cookies": 0.9761965702585104, "bad_qs": 0.0, "tracked": 0.9761965702585104, "https": 0.9908142081164861, "requests": 1.6759093365184996, "requests_tracking": 1.251713448795609, "content_length": 1344.7242271706054, "requests_failed": 0.29496914370218696, "has_blocking": 0.0, "script": 0.2549839319739499, "iframe": 0.9791542246110969, "beacon": 0.0, "image": 0.018058754941273496, "stylesheet": 0.0030714102892244687, "font": 0.0002275118732758866, "xhr": 0.0002843898415948582, "plugin": 2.8438984159485824e-05, "media": 0.0, "referer_leaked": 0.8511503569092512, "referer_leaked_header": 0.8511503569092512, "referer_leaked_url": 0.0, "hosts": 1.0, "reach_rank": 1104, "site_reach_rank": 918}, "reach_time_series": {"page": [0.0007044752966359495, 0.0011014409968768263, 0.00045564913266958455, 0.00010943446481836384, 0.00011656659224886385, 2.4329435274576298e-05], "ts": ["2017-08", "2017-09", "2017-10", "2017-11", "2017-12", "2019-03"], "site": [11]}, "presence_by_category": [["News and Portals", 43.47826086956522], ["Reference", 34.78260869565217], ["Entertainment", 17.391304347826086], ["Recreation", 4.3478260869565215]]}