{"id": "deviantart.net", "name": "deviantart.net", "category": "misc", "website_url": null, "ghostery_id": "", "company_id": null, "company_name": null, "iab_vendor": null, "truste_type": null, "description": null, "truste_privacy_url": null, "privacy_url": null, "date_range": ["2018-07", "2019-03"], "domains": ["dapxl.com", "deviantart.net"], "overview": {"reach": 0.001417590390381893, "site_reach_top10k": 46, "site_avg_frequency": 0.0778232302711222, "cookies": 0.004895491267185468, "bad_qs": 1.9523394884089606e-05, "tracked": 0.004895491267185468, "https": 0.9186616322339058, "requests": 3.42889677200189, "requests_tracking": 0.06404893734161646, "content_length": 159028.15865930895, "requests_failed": 1.286224194952812, "has_blocking": 0.0, "script": 0.018601890645560577, "iframe": 9.761697442044803e-07, "beacon": 0.0, "image": 0.9919465996103131, "stylesheet": 0.017147885811568002, "font": 0.007257333963288208, "xhr": 8.297442825738083e-06, "plugin": 0.00011274760545561747, "media": 3.563019566346353e-05, "referer_leaked": 0.5793845640230688, "referer_leaked_header": 0.5454919505042893, "referer_leaked_url": 0.0, "hosts": 1.0086566732916054, "reach_rank": 415, "site_reach_rank": 562}, "reach_time_series": {"page": [0.001562157467600097, 0.001413373881765009, 0.001298839847712117, 0.0012500790371414029, 0.0010281381765968583, 0.0010315676073385956, 0.001370919763447913, 0.001507872163722873, 0.001417590390381893], "ts": ["2018-07", "2018-08", "2018-09", "2018-10", "2018-11", "2018-12", "2019-01", "2019-02", "2019-03"], "site": [39, 45, 42, 38, 50, 51, 46]}, "presence_by_category": [["Entertainment", 70.58823529411765], ["Adult", 11.764705882352942], ["Reference", 11.764705882352942], ["Business", 5.882352941176471]]}