{"id": "digidip", "name": "Digidip", "category": "advertising", "website_url": null, "ghostery_id": "2938", "company_id": "digidip", "company_name": "Digidip", "iab_vendor": null, "truste_type": null, "description": null, "truste_privacy_url": null, "privacy_url": null, "date_range": ["2017-05", "2019-03"], "domains": ["digidip.net"], "overview": {"reach": 0.0012936640808350942, "site_reach_top10k": 30, "site_avg_frequency": 0.44283914588375234, "cookies": 0.002361857288410266, "bad_qs": 0.00037652797351468004, "tracked": 0.0023677405379964327, "https": 0.4635588846428466, "requests": 1.2384973110875186, "requests_tracking": 0.07747758348197453, "content_length": 516.4397167482745, "requests_failed": 0.5923335909483531, "has_blocking": 0.0, "script": 0.9990410303174548, "iframe": 0.0009445289790155184, "beacon": 0.0, "image": 3.4764656645531536e-05, "stylesheet": 1.604522614409148e-06, "font": 0.0, "xhr": 0.012895548252006322, "plugin": 0.0, "media": 0.0, "referer_leaked": 0.5480573242446041, "referer_leaked_header": 0.5112747129910173, "referer_leaked_url": 0.0, "hosts": 1.0, "reach_rank": 448, "site_reach_rank": 689}, "reach_time_series": {"page": [0.0018915240226877125, 0.0018473804331975705, 0.0017586001785289183, 0.001698103718801023, 0.0015453932348247785, 0.0014125489237964163, 0.0014380072657711317, 0.001642827793008993, 0.0013540604564014692, 0.0018734499143357747, 0.0016154910468908228, 0.0010638877917234133, 0.0009276400805072621, 0.0009860732911228503, 0.0011053412545083947, 0.0009557846901642097, 0.0009037224691348416, 0.0009012981224554818, 0.0009560820368674029, 0.0009524513324139617, 0.001241729704522711, 0.0012894723187101575, 0.0012936640808350942], "ts": ["2017-05", "2017-06", "2017-07", "2017-08", "2017-09", "2017-10", "2017-11", "2017-12", "2018-01", "2018-02", "2018-03", "2018-04", "2018-05", "2018-06", "2018-07", "2018-08", "2018-09", "2018-10", "2018-11", "2018-12", "2019-01", "2019-02", "2019-03"], "site": [30, 32, 34, 32, 28, 29, 30]}, "presence_by_category": [["News and Portals", 45.0], ["Entertainment", 35.0], ["Reference", 10.0], ["Business", 5.0], ["Recreation", 5.0]]}