{"id": "dimml", "name": "DimML", "category": "misc", "website_url": null, "ghostery_id": "c_3410", "company_id": null, "company_name": null, "iab_vendor": null, "truste_type": null, "description": null, "truste_privacy_url": null, "privacy_url": null, "date_range": ["2017-05", "2019-03"], "domains": ["dimml.io"], "overview": {"reach": 0.0005653308885084232, "site_reach_top10k": 20, "site_avg_frequency": 0.6419985167304896, "cookies": 0.5769026944000784, "bad_qs": 0.001955780751837369, "tracked": 0.577944227203466, "https": 0.8198282878351172, "requests": 6.610485089925526, "requests_tracking": 0.9249876080850361, "content_length": 1041.5535948792324, "requests_failed": 1.5541505265798927, "has_blocking": 0.0, "script": 0.9847050112292167, "iframe": 0.0, "beacon": 0.0, "image": 0.0757381603666783, "stylesheet": 2.44778567188657e-06, "font": 0.0, "xhr": 2.325396388292241e-05, "plugin": 0.0, "media": 0.0, "referer_leaked": 0.761327434169864, "referer_leaked_header": 0.7367761438808418, "referer_leaked_url": 0.0, "hosts": 1.0, "reach_rank": 710, "site_reach_rank": 786}, "reach_time_series": {"page": [0.0011384709359205938, 0.0012342402902704316, 0.0013805135341849058, 0.0010685387283985365, 0.0009380196902840572, 0.0008347780970670139, 0.0009147800659416287, 0.0012810996880602639, 0.001212287873282312, 0.0008235211992048718, 0.0007262978682070598, 0.0008159664741072606, 0.0010538401277282172, 0.0008912877128324886, 0.0010334261515263755, 0.0014369331887553035, 0.001141344721584886, 0.00089933572607023, 0.000652531251403951, 0.000616306245105025, 0.0005569050607553327, 0.0004993660119230914, 0.0005653308885084232], "ts": ["2017-05", "2017-06", "2017-07", "2017-08", "2017-09", "2017-10", "2017-11", "2017-12", "2018-01", "2018-02", "2018-03", "2018-04", "2018-05", "2018-06", "2018-07", "2018-08", "2018-09", "2018-10", "2018-11", "2018-12", "2019-01", "2019-02", "2019-03"], "site": [34, 30, 23, 24, 19, 20, 20]}, "presence_by_category": [["News and Portals", 50.0], ["Business", 16.666666666666668], ["Recreation", 16.666666666666668], ["E-Commerce", 8.333333333333334], ["Entertainment", 8.333333333333334]]}