{"id": "div.show", "name": "div.show", "category": "extensions", "website_url": null, "ghostery_id": null, "company_id": null, "company_name": null, "iab_vendor": null, "truste_type": null, "description": null, "truste_privacy_url": null, "privacy_url": null, "date_range": ["2018-11", "2019-03"], "domains": ["div.show"], "overview": {"reach": 0.001569412902510962, "site_reach_top10k": 235, "site_avg_frequency": 0.027090411980530492, "cookies": 0.7636209572926453, "bad_qs": 0.0, "tracked": 0.7636209572926453, "https": 0.860831539366675, "requests": 1.0497599251581946, "requests_tracking": 0.77323982222426, "content_length": 27.194364733003535, "requests_failed": 0.2560924694841973, "has_blocking": 0.0, "script": 0.0, "iframe": 0.6798608266898152, "beacon": 0.0, "image": 0.0, "stylesheet": 0.0, "font": 0.0, "xhr": 4.4086831660164595e-07, "plugin": 0.32189427007857596, "media": 0.0, "referer_leaked": 0.7092297104685504, "referer_leaked_header": 0.7092297104685504, "referer_leaked_url": 0.0, "hosts": 1.0, "reach_rank": 389, "site_reach_rank": 173}, "reach_time_series": {"page": [0.0012118963822260443, 0.0010546999527503808, 0.0006453230509515559, 0.0008220923878240594, 0.001569412902510962], "ts": ["2018-11", "2018-12", "2019-01", "2019-02", "2019-03"], "site": [191, 174, 72, 100, 235]}, "presence_by_category": [["Entertainment", 44.5945945945946], ["Adult", 20.27027027027027], ["Reference", 13.513513513513514], ["News and Portals", 8.108108108108109], ["Business", 6.756756756756757], ["E-Commerce", 6.756756756756757]]}