{"id": "dynamic_yield", "name": "Dynamic Yield", "category": "misc", "website_url": null, "ghostery_id": "c_2280", "company_id": null, "company_name": null, "iab_vendor": null, "truste_type": null, "description": null, "truste_privacy_url": null, "privacy_url": null, "date_range": ["2017-05", "2019-03"], "domains": ["dynamicyield.com"], "overview": {"reach": 0.0016436507877251264, "site_reach_top10k": 46, "site_avg_frequency": 0.6702149192554113, "cookies": 0.8640333632773266, "bad_qs": 0.03886853801189284, "tracked": 0.8653909459130659, "https": 0.9892290025114227, "requests": 31.905230208128994, "requests_tracking": 2.9653452301070997, "content_length": 76783.59719660238, "requests_failed": 25.76567955324797, "has_blocking": 0.0, "script": 0.9961562520784696, "iframe": 3.3676468483456016e-06, "beacon": 0.0, "image": 0.08899301465852481, "stylesheet": 0.02567536052764291, "font": 0.004848990505761623, "xhr": 0.8306498800696767, "plugin": 3.6202203619715215e-05, "media": 0.0, "referer_leaked": 0.8977275119067364, "referer_leaked_header": 0.863843091230395, "referer_leaked_url": 0.0, "hosts": 1.0, "reach_rank": 375, "site_reach_rank": 562}, "reach_time_series": {"page": [0.0009005734245451951, 0.0009572886573296914, 0.0009486382782631932, 0.001013783955919388, 0.0010005412769637401, 0.004952171675453082, 0.009333089175744906, 0.008979433391662451, 0.008701764184476614, 0.00522883623843007, 0.003463274257483026, 0.0032814591776566724, 0.00404846516068499, 0.0034414821250017334, 0.003428115191210576, 0.0029626049183141003, 0.0018274414134920943, 0.0016189419750401752, 0.002425148407114334, 0.002424561469204335, 0.0018908973902317943, 0.001648180321412414, 0.0016436507877251264], "ts": ["2017-05", "2017-06", "2017-07", "2017-08", "2017-09", "2017-10", "2017-11", "2017-12", "2018-01", "2018-02", "2018-03", "2018-04", "2018-05", "2018-06", "2018-07", "2018-08", "2018-09", "2018-10", "2018-11", "2018-12", "2019-01", "2019-02", "2019-03"], "site": [49, 43, 54, 53, 48, 46, 46]}, "presence_by_category": [["E-Commerce", 41.935483870967744], ["Business", 35.483870967741936], ["News and Portals", 12.903225806451612], ["Recreation", 6.451612903225806], ["Banking", 3.225806451612903]]}