{"id": "dyncdn.me", "name": "dyncdn.me", "category": "unknown", "website_url": null, "ghostery_id": null, "company_id": null, "company_name": null, "iab_vendor": null, "truste_type": null, "description": null, "truste_privacy_url": null, "privacy_url": null, "date_range": ["2018-04", "2019-03"], "domains": ["dyncdn.me"], "overview": {"reach": 0.0016173051429578984, "site_reach_top10k": 26, "site_avg_frequency": 0.9327244886113182, "cookies": 0.00037348088894440955, "bad_qs": 0.0, "tracked": 0.00037348088894440955, "https": 0.984709529837615, "requests": 19.343940390225494, "requests_tracking": 0.005597079576242508, "content_length": 46662.12845731858, "requests_failed": 6.482732819130436, "has_blocking": 0.0, "script": 0.9577307763225951, "iframe": 0.0, "beacon": 0.0, "image": 0.9329351533646008, "stylesheet": 0.9368979866684863, "font": 0.0, "xhr": 4.278131603028746e-06, "plugin": 0.0, "media": 0.0, "referer_leaked": 0.9789438918762131, "referer_leaked_header": 0.9789438918762131, "referer_leaked_url": 0.0, "hosts": 1.0, "reach_rank": 379, "site_reach_rank": 727}, "reach_time_series": {"page": [0.0013285433951664804, 0.0017129379660675663, 0.0014360623204272632, 0.0012936783032448484, 0.0011130829806210352, 0.00156439596778583, 0.0015375651014675699, 0.0014094036457618366, 0.001725661821093103, 0.001698347110959973, 0.0016428094972147564, 0.0016173051429578984], "ts": ["2018-04", "2018-05", "2018-06", "2018-07", "2018-08", "2018-09", "2018-10", "2018-11", "2018-12", "2019-01", "2019-02", "2019-03"], "site": [26, 27, 24, 25, 23, 26, 26]}, "presence_by_category": [["Entertainment", 94.11764705882354], ["Adult", 5.882352941176471]]}