{"id": "eanalyzer.de", "name": "eanalyzer.de", "category": "unknown", "website_url": null, "ghostery_id": "eanalyzer.de", "company_id": null, "company_name": null, "iab_vendor": null, "truste_type": null, "description": null, "truste_privacy_url": null, "privacy_url": null, "date_range": ["2017-05", "2019-03"], "domains": ["eanalyzer.de"], "overview": {"reach": 3.302321436694757e-05, "site_reach_top10k": 3, "site_avg_frequency": 0.5182991868594069, "cookies": 0.9757584646329199, "bad_qs": 0.0, "tracked": 0.9757584646329199, "https": 0.998721924237345, "requests": 4.246375293328864, "requests_tracking": 3.4802422058330538, "content_length": 2007.6467063359034, "requests_failed": 0.30640295005028495, "has_blocking": 0.0, "script": 0.7101072745558162, "iframe": 4.190412336573919e-05, "beacon": 0.0, "image": 0.5165730807911498, "stylesheet": 0.0, "font": 0.0, "xhr": 0.0, "plugin": 0.0, "media": 0.0, "referer_leaked": 0.9150393898759638, "referer_leaked_header": 0.9150393898759638, "referer_leaked_url": 0.0, "hosts": 1.0, "reach_rank": 1093, "site_reach_rank": 1075}, "reach_time_series": {"page": [0.001574308387897237, 0.001293492867522039, 0.001146395446755251, 0.0010252240267880832, 0.0011048037767347936, 0.0012061426820736867, 0.001055088000239642, 0.0007838651470904161, 0.0007852341757948867, 0.00038879066943264915, 0.00024700560861194633, 0.00025574315969502577, 0.0002948125328570098, 0.00020890698349849073, 0.0001825004043382372, 0.00014347668771805348, 7.054994972531496e-05, 9.78394769218418e-05, 9.566310360272463e-05, 0.00011056524190997772, 5.392450765955969e-05, 3.62534654623858e-05, 3.302321436694757e-05], "ts": ["2017-05", "2017-06", "2017-07", "2017-08", "2017-09", "2017-10", "2017-11", "2017-12", "2018-01", "2018-02", "2018-03", "2018-04", "2018-05", "2018-06", "2018-07", "2018-08", "2018-09", "2018-10", "2018-11", "2018-12", "2019-01", "2019-02", "2019-03"], "site": [5, 6, 5, 5, 3, 2, 3]}, "presence_by_category": [["Business", 33.333333333333336], ["E-Commerce", 33.333333333333336], ["News and Portals", 33.333333333333336]]}