{"id": "elastic_ad", "name": "Elastic Ad", "category": "advertising", "website_url": null, "ghostery_id": "2250", "company_id": "elastic_ad", "company_name": "Elastic Ad", "iab_vendor": null, "truste_type": null, "description": null, "truste_privacy_url": null, "privacy_url": null, "date_range": ["2017-05", "2019-03"], "domains": ["elasticad.net"], "overview": {"reach": 0.0025657269055409542, "site_reach_top10k": 88, "site_avg_frequency": 0.4426443211465785, "cookies": 0.0004220365081804968, "bad_qs": 1.4292610181192543e-05, "tracked": 0.0004220365081804968, "https": 0.8254025527141128, "requests": 1.4834421459410336, "requests_tracking": 0.001220804646986012, "content_length": 2939.9878615288776, "requests_failed": 1.3643817367409072, "has_blocking": 0.0, "script": 0.999205816283328, "iframe": 0.0021886570609539373, "beacon": 0.0, "image": 0.0003273816747163726, "stylesheet": 3.424833005681987e-05, "font": 1.6180313412670804e-06, "xhr": 2.4540142009217386e-05, "plugin": 2.6967189021118006e-07, "media": 0.0, "referer_leaked": 0.04522909975432891, "referer_leaked_header": 0.04522909975432891, "referer_leaked_url": 0.0, "hosts": 1.0, "reach_rank": 248, "site_reach_rank": 380}, "reach_time_series": {"page": [0.0013834047324376526, 0.0014313406757544482, 0.001548144822118461, 0.0014430246063614409, 0.0012576796668797624, 0.0011175530069762254, 0.0013942787943219718, 0.0017924372847422476, 0.001903874967729404, 0.002874083121550171, 0.002578447151623979, 0.002387086652365986, 0.0031136501951388685, 0.002575724066870915, 0.0022948506784574397, 0.0021079548851867837, 0.002157629091527021, 0.002230336080480519, 0.0021239790259012553, 0.0021477473955188267, 0.002618170442195365, 0.0026397263143801792, 0.0025657269055409542], "ts": ["2017-05", "2017-06", "2017-07", "2017-08", "2017-09", "2017-10", "2017-11", "2017-12", "2018-01", "2018-02", "2018-03", "2018-04", "2018-05", "2018-06", "2018-07", "2018-08", "2018-09", "2018-10", "2018-11", "2018-12", "2019-01", "2019-02", "2019-03"], "site": [73, 80, 83, 75, 90, 92, 88]}, "presence_by_category": [["News and Portals", 50.0], ["Entertainment", 29.545454545454547], ["Business", 9.090909090909092], ["Reference", 9.090909090909092], ["E-Commerce", 2.272727272727273]]}