{"id": "evidon", "name": "Evidon", "category": "essential", "website_url": null, "ghostery_id": "c_242", "company_id": null, "company_name": null, "iab_vendor": null, "truste_type": null, "description": null, "truste_privacy_url": null, "privacy_url": null, "date_range": ["2017-05", "2019-03"], "domains": ["betrad.com", "evidon.com"], "overview": {"reach": 0.006086277765303779, "site_reach_top10k": 309, "site_avg_frequency": 0.24883251081715585, "cookies": 0.013824156070871608, "bad_qs": 0.0011095430478829213, "tracked": 0.014671887885222319, "https": 0.9557394638315113, "requests": 7.792494646113746, "requests_tracking": 0.14243326882977542, "content_length": 16858.739236466132, "requests_failed": 3.3015925580583176, "has_blocking": 0.0, "script": 0.8196060349137728, "iframe": 0.024218164356520737, "beacon": 0.0, "image": 0.8014280592068541, "stylesheet": 0.0793771189032258, "font": 3.410480679967996e-07, "xhr": 0.006254707884371972, "plugin": 0.0, "media": 0.012868653067033907, "referer_leaked": 0.536051281806427, "referer_leaked_header": 0.5330931445473122, "referer_leaked_url": 0.0, "hosts": 1.6328911986179824, "reach_rank": 125, "site_reach_rank": 138}, "reach_time_series": {"page": [0.004559541201230619, 0.003741563180329174, 0.002111609802660427, 0.003405103446799797, 0.0020262544303400317, 0.002525190802995399, 0.00431033701474514, 0.003351843212103823, 0.002799038581729541, 0.0031501867330792285, 0.002831285216105307, 0.0027758363081008585, 0.004685113939243579, 0.006067716421265319, 0.0056514783122246, 0.0049827118574559065, 0.004952391494224398, 0.005537191755555276, 0.006031901927021243, 0.005751634289675974, 0.006329539286803058, 0.0063174042156491856, 0.006086277765303779], "ts": ["2017-05", "2017-06", "2017-07", "2017-08", "2017-09", "2017-10", "2017-11", "2017-12", "2018-01", "2018-02", "2018-03", "2018-04", "2018-05", "2018-06", "2018-07", "2018-08", "2018-09", "2018-10", "2018-11", "2018-12", "2019-01", "2019-02", "2019-03"], "site": [162, 185, 184, 183, 262, 302, 309]}, "presence_by_category": [["News and Portals", 35.43307086614173], ["Entertainment", 29.133858267716537], ["Business", 24.409448818897637], ["E-Commerce", 4.724409448818897], ["Reference", 4.724409448818897], ["Banking", 0.7874015748031497], ["Recreation", 0.7874015748031497]]}