{"id": "falk_technologies", "name": "Falk Technologies", "category": "misc", "website_url": null, "ghostery_id": "c_3194", "company_id": null, "company_name": null, "iab_vendor": null, "truste_type": null, "description": null, "truste_privacy_url": null, "privacy_url": null, "date_range": ["2017-05", "2019-03"], "domains": ["angsrvr.com"], "overview": {"reach": 0.00032669720396530345, "site_reach_top10k": 114, "site_avg_frequency": 0.018036150767118495, "cookies": 0.6048126632088798, "bad_qs": 0.390055721338244, "tracked": 0.7143047751767898, "https": 0.9695343424310261, "requests": 3.369304764587406, "requests_tracking": 1.299857466892291, "content_length": 618.6703207100817, "requests_failed": 1.6591849139400767, "has_blocking": 0.0, "script": 0.0015163997788936636, "iframe": 0.0, "beacon": 0.0, "image": 0.9968062418064642, "stylesheet": 0.0, "font": 0.0, "xhr": 0.0016477081396358523, "plugin": 1.0589383930821673e-05, "media": 0.0, "referer_leaked": 0.1872245436504995, "referer_leaked_header": 0.1859347566877254, "referer_leaked_url": 0.0, "hosts": 1.0, "reach_rank": 823, "site_reach_rank": 305}, "reach_time_series": {"page": [0.0029515581476756195, 0.0025203226605845326, 0.0020500502042248804, 0.0015868379506247198, 0.0017517471192158675, 0.0019410695976748574, 0.004230500059099619, 0.0021791894037072757, 0.0006152890368799775, 0.0002937120528799898, 0.00021069609010185105, 0.0002512107129731601, 0.00027512325095449216, 0.00016998901339648745, 6.104184257979268e-05, 5.460977289531444e-05, 3.272768649401659e-05, 3.7956350492294544e-05, 3.659031242535688e-05, 3.9106079848862156e-05, 0.00031487263490654564, 0.0005863576004998266, 0.00032669720396530345], "ts": ["2017-05", "2017-06", "2017-07", "2017-08", "2017-09", "2017-10", "2017-11", "2017-12", "2018-01", "2018-02", "2018-03", "2018-04", "2018-05", "2018-06", "2018-07", "2018-08", "2018-09", "2018-10", "2018-11", "2018-12", "2019-01", "2019-02", "2019-03"], "site": [2, 2, 8, 4, 97, 179, 114]}, "presence_by_category": [["E-Commerce", 45.2991452991453], ["Business", 35.8974358974359], ["Recreation", 10.256410256410257], ["Entertainment", 3.4188034188034186], ["News and Portals", 3.4188034188034186], ["Reference", 1.7094017094017093]]}