{"id": "flixmedia", "name": "Flixmedia", "category": "misc", "website_url": null, "ghostery_id": "c_3256", "company_id": null, "company_name": null, "iab_vendor": null, "truste_type": null, "description": null, "truste_privacy_url": null, "privacy_url": null, "date_range": ["2018-04", "2019-03"], "domains": ["flix360.com"], "overview": {"reach": 0.00044387536966109567, "site_reach_top10k": 59, "site_avg_frequency": 0.1648573013677136, "cookies": 0.7204747422945565, "bad_qs": 0.020493291786627843, "tracked": 0.7256732764170487, "https": 0.9918600464204936, "requests": 3.3874380969156404, "requests_tracking": 0.8236738282254683, "content_length": 88858.96597960802, "requests_failed": 1.1490319191553902, "has_blocking": 0.0, "script": 0.9699685282147127, "iframe": 0.00017925979732731436, "beacon": 0.0, "image": 0.8331403043051968, "stylesheet": 0.0011363512369705407, "font": 0.010467213383068835, "xhr": 0.00014029027616920255, "plugin": 0.0, "media": 0.001968740208907809, "referer_leaked": 0.7677400951168073, "referer_leaked_header": 0.6981046783689541, "referer_leaked_url": 0.0, "hosts": 1.0, "reach_rank": 762, "site_reach_rank": 478}, "reach_time_series": {"page": [0.00045918434686865187, 0.0005507060170182146, 0.0005654292528559249, 0.0006259493413858556, 0.0005465256423506296, 0.0004959183391445507, 0.0005113469325850937, 0.0006996464556173597, 0.0006224245043117828, 0.0005121518395279167, 0.0004616311061833643, 0.00044387536966109567], "ts": ["2018-04", "2018-05", "2018-06", "2018-07", "2018-08", "2018-09", "2018-10", "2018-11", "2018-12", "2019-01", "2019-02", "2019-03"], "site": [63, 60, 86, 78, 61, 55, 59]}, "presence_by_category": [["E-Commerce", 60.0], ["Business", 37.142857142857146], ["Entertainment", 2.857142857142857]]}