{"id": "generaltracking_de", "name": "generaltracking.de", "category": "unknown", "website_url": null, "ghostery_id": null, "company_id": null, "company_name": null, "iab_vendor": null, "truste_type": null, "description": null, "truste_privacy_url": null, "privacy_url": null, "date_range": ["2017-05", "2019-03"], "domains": ["generaltracking.de"], "overview": {"reach": 0.00012215503422037855, "site_reach_top10k": 1, "site_avg_frequency": 0.9251573706138122, "cookies": 0.7780729429223615, "bad_qs": 0.0, "tracked": 0.7780729429223615, "https": 0.9988898266203717, "requests": 2.7824626590918102, "requests_tracking": 1.7784977541645661, "content_length": 106.05809718548392, "requests_failed": 0.9574905550300483, "has_blocking": 0.0, "script": 5.097734906456565e-05, "iframe": 0.00010761884802519413, "beacon": 0.0, "image": 0.9999376943511433, "stylesheet": 0.0, "font": 0.0, "xhr": 5.664149896062849e-06, "plugin": 0.0, "media": 0.0, "referer_leaked": 0.7342664076262114, "referer_leaked_header": 0.7331222493472067, "referer_leaked_url": 0.0, "hosts": 1.0, "reach_rank": 996, "site_reach_rank": 1122}, "reach_time_series": {"page": [0.0012678959383747648, 0.0015054613480397791, 0.0015181101860240428, 0.0013890904989374358, 0.0014559694092813574, 0.0016963717092982017, 0.002499916287463983, 0.0015598896061675871, 0.0015699141030904508, 0.0006587345195791354, 0.0003621690484411645, 0.00031901271513136697, 0.0003965857242715112, 0.0003325577492656151, 0.00042090562683031195, 0.0002891892229379671, 0.000183383840255749, 0.00024678636378510206, 0.00043256558802666733, 0.0004134066875043965, 0.00024864923166948344, 0.00016020385235885126, 0.00012215503422037855], "ts": ["2017-05", "2017-06", "2017-07", "2017-08", "2017-09", "2017-10", "2017-11", "2017-12", "2018-01", "2018-02", "2018-03", "2018-04", "2018-05", "2018-06", "2018-07", "2018-08", "2018-09", "2018-10", "2018-11", "2018-12", "2019-01", "2019-02", "2019-03"], "site": [1, 2, 2, 3, 2, 1, 1]}, "presence_by_category": [["Reference", 100.0]]}