{"id": "globalsign", "name": "GlobalSign", "category": "misc", "website_url": null, "ghostery_id": "c_2400", "company_id": null, "company_name": null, "iab_vendor": null, "truste_type": null, "description": null, "truste_privacy_url": null, "privacy_url": null, "date_range": ["2017-07", "2019-03"], "domains": ["globalsign.com"], "overview": {"reach": 0.000226822184114479, "site_reach_top10k": 24, "site_avg_frequency": 0.14175491376106764, "cookies": 0.6927976377496393, "bad_qs": 0.0007199006781098337, "tracked": 0.6929623607861559, "https": 0.9336989778020456, "requests": 4.474057646961928, "requests_tracking": 2.1488089609331866, "content_length": 7260.745695085458, "requests_failed": 1.0026111651714493, "has_blocking": 0.0, "script": 0.9787354761563405, "iframe": 0.0, "beacon": 0.0, "image": 0.9375089606281438, "stylesheet": 0.00038740417847435963, "font": 0.0, "xhr": 0.0009761365126912998, "plugin": 0.0, "media": 0.0, "referer_leaked": 0.9679918736635319, "referer_leaked_header": 0.8800145200306263, "referer_leaked_url": 0.0, "hosts": 1.0, "reach_rank": 900, "site_reach_rank": 746}, "reach_time_series": {"page": [0.0010743427349500089, 0.0012168164905617938, 0.0011352973338934484, 0.0012057134318309458, 0.0012606607079876833, 0.0007531133577397659, 0.0004996602508986747, 0.00030664116560287995, 0.00022270554672892804, 0.00018847473147173453, 0.0001928485486193777, 0.00016045965283749218, 0.0001720384945678493, 0.0001722538636989332, 0.0002251551850441806, 0.0002291898757897954, 0.00023681608495879504, 0.00023750363902508474, 0.00022829578937827455, 0.0002264198897714818, 0.000226822184114479], "ts": ["2017-07", "2017-08", "2017-09", "2017-10", "2017-11", "2017-12", "2018-01", "2018-02", "2018-03", "2018-04", "2018-05", "2018-06", "2018-07", "2018-08", "2018-09", "2018-10", "2018-11", "2018-12", "2019-01", "2019-02", "2019-03"], "site": [24, 27, 27, 26, 25, 20, 24]}, "presence_by_category": [["E-Commerce", 45.45454545454545], ["Business", 18.181818181818183], ["Recreation", 18.181818181818183], ["Government", 9.090909090909092], ["Reference", 9.090909090909092]]}