{"id": "healte.de", "name": "healte.de", "category": "unknown", "website_url": null, "ghostery_id": null, "company_id": null, "company_name": null, "iab_vendor": null, "truste_type": null, "description": null, "truste_privacy_url": null, "privacy_url": null, "date_range": ["2018-11", "2019-03"], "domains": ["healte.de"], "overview": {"reach": 0.0002735886960629443, "site_reach_top10k": 57, "site_avg_frequency": 0.1047401661608147, "cookies": 0.6739847349866216, "bad_qs": 0.00015426869053700677, "tracked": 0.6739847349866216, "https": 0.9986697486684841, "requests": 1.26611096218141, "requests_tracking": 0.7210493305750428, "content_length": 72.2929967072486, "requests_failed": 0.4766447318506679, "has_blocking": 0.0, "script": 0.0, "iframe": 0.0, "beacon": 0.0, "image": 0.9986621616837037, "stylesheet": 0.0, "font": 0.0, "xhr": 2.5289949268361766e-05, "plugin": 0.0, "media": 0.0, "referer_leaked": 0.7420678074119783, "referer_leaked_header": 0.7420678074119783, "referer_leaked_url": 0.0, "hosts": 1.0, "reach_rank": 861, "site_reach_rank": 492}, "reach_time_series": {"page": [0.00023340169544713697, 0.0002615772550840636, 0.00041189493244878957, 0.0002766907399210456, 0.0002735886960629443], "ts": ["2018-11", "2018-12", "2019-01", "2019-02", "2019-03"], "site": [68, 64, 63, 58, 57]}, "presence_by_category": [["News and Portals", 66.10169491525424], ["Entertainment", 20.338983050847457], ["Reference", 13.559322033898304]]}