{"id": "heroku", "name": "Heroku", "category": "hosting", "website_url": null, "ghostery_id": "c_3374", "company_id": null, "company_name": null, "iab_vendor": null, "truste_type": null, "description": null, "truste_privacy_url": null, "privacy_url": null, "date_range": ["2018-03", "2019-03"], "domains": ["herokuapp.com"], "overview": {"reach": 0.0017533771427703149, "site_reach_top10k": 163, "site_avg_frequency": 0.12043526878001315, "cookies": 0.10201875829672645, "bad_qs": 2.367674612056515e-06, "tracked": 0.10201875829672645, "https": 0.9935488759070167, "requests": 7.521750248211222, "requests_tracking": 1.4406826479441481, "content_length": 332082.7118078301, "requests_failed": 1.1411848317293654, "has_blocking": 0.0, "script": 0.370795996420076, "iframe": 0.07120386783324625, "beacon": 0.003970590324418775, "image": 0.06598432915096766, "stylesheet": 0.07997412920873893, "font": 0.013873389389345148, "xhr": 0.6177780005145747, "plugin": 6.629488913758242e-05, "media": 7.773864976252224e-05, "referer_leaked": 0.8265287680357614, "referer_leaked_header": 0.78954726904518, "referer_leaked_url": 0.0, "hosts": 1.0710444444093679, "reach_rank": 354, "site_reach_rank": 229}, "reach_time_series": {"page": [0.0018931583942036194, 0.002337651906813529, 0.0023471709312741194, 0.0018940309704474747, 0.001730471133611926, 0.0015350189628351143, 0.0019130397177073062, 0.0019402468372759565, 0.0018578083411281985, 0.0014014776828305759, 0.002054052079183827, 0.0020298836229256058, 0.0017533771427703149], "ts": ["2018-03", "2018-04", "2018-05", "2018-06", "2018-07", "2018-08", "2018-09", "2018-10", "2018-11", "2018-12", "2019-01", "2019-02", "2019-03"], "site": [160, 201, 194, 159, 208, 191, 163]}, "presence_by_category": [["Business", 31.48148148148148], ["Entertainment", 18.51851851851852], ["News and Portals", 12.962962962962964], ["Reference", 12.962962962962964], ["Adult", 11.11111111111111], ["E-Commerce", 11.11111111111111], ["Recreation", 1.8518518518518519]]}