{"id": "highwebmedia.com", "name": "highwebmedia.com", "category": "pornvertising", "website_url": null, "ghostery_id": "highwebmedia.com", "company_id": null, "company_name": null, "iab_vendor": null, "truste_type": null, "description": null, "truste_privacy_url": null, "privacy_url": null, "date_range": ["2017-05", "2019-03"], "domains": ["highwebmedia.com"], "overview": {"reach": 0.002296415562629545, "site_reach_top10k": 23, "site_avg_frequency": 0.20947684256271593, "cookies": 0.9879059156161927, "bad_qs": 0.0013464988318693284, "tracked": 0.9879062169137608, "https": 0.9996767077094214, "requests": 451.7484168319284, "requests_tracking": 237.67065373738544, "content_length": 41587894.117316835, "requests_failed": 62.450491084906254, "has_blocking": 0.0, "script": 0.861061748526203, "iframe": 0.0006119353608249286, "beacon": 0.0, "image": 0.9702697637646287, "stylesheet": 0.9424524657891676, "font": 0.39238735538469977, "xhr": 0.545978008893099, "plugin": 0.18702172777282647, "media": 0.0001886122776348623, "referer_leaked": 0.09720974348127646, "referer_leaked_header": 0.09720974348127646, "referer_leaked_url": 0.0, "hosts": 1.0, "reach_rank": 276, "site_reach_rank": 757}, "reach_time_series": {"page": [0.002714129721976331, 0.002806961320595819, 0.0029607307854290013, 0.003039365858324718, 0.0026977493306190804, 0.0031902004290583425, 0.00356169413566735, 0.0037660250107255776, 0.0027828398850229265, 0.0025274644659563517, 0.0025088435714663137, 0.0024547039558544146, 0.0030930553191321954, 0.0026176234901149624, 0.00259184583464504, 0.0022816074908037468, 0.002064446458493474, 0.001977079315348636, 0.0018547310563638126, 0.002146781354591444, 0.0022394394816713107, 0.002219935842826785, 0.002296415562629545], "ts": ["2017-05", "2017-06", "2017-07", "2017-08", "2017-09", "2017-10", "2017-11", "2017-12", "2018-01", "2018-02", "2018-03", "2018-04", "2018-05", "2018-06", "2018-07", "2018-08", "2018-09", "2018-10", "2018-11", "2018-12", "2019-01", "2019-02", "2019-03"], "site": [18, 27, 31, 43, 27, 23, 23]}, "presence_by_category": [["Adult", 100.0]]}