{"id": "homeaway", "name": "HomeAway", "category": "misc", "website_url": null, "ghostery_id": "c_2665", "company_id": null, "company_name": null, "iab_vendor": null, "truste_type": null, "description": null, "truste_privacy_url": null, "privacy_url": null, "date_range": ["2017-07", "2019-03"], "domains": ["homeaway.com"], "overview": {"reach": 0.00013902158837356075, "site_reach_top10k": 7, "site_avg_frequency": 0.47804629145690153, "cookies": 0.5157271831420523, "bad_qs": 0.0, "tracked": 0.5157271831420523, "https": 0.9702129142072206, "requests": 57.63838925773668, "requests_tracking": 16.762743497606085, "content_length": 1816732.6386082438, "requests_failed": 12.596403651095429, "has_blocking": 0.0, "script": 0.7620019310591959, "iframe": 0.020873356360052955, "beacon": 0.00024387087783562107, "image": 0.8083224669778923, "stylesheet": 0.7469466370703642, "font": 0.10924917631366772, "xhr": 0.1592377293132795, "plugin": 0.005001841473975493, "media": 0.0, "referer_leaked": 0.9283616853966137, "referer_leaked_header": 0.9277694275504415, "referer_leaked_url": 0.0, "hosts": 1.0, "reach_rank": 976, "site_reach_rank": 997}, "reach_time_series": {"page": [0.0006443684053633861, 0.0005488607888797127, 0.00041843755387997706, 0.00031505705316476354, 0.00023611228107263854, 0.0002369262446080314, 0.0004811190699685083, 0.0002399868579371852, 0.00019199143720505406, 0.0001870176641879265, 0.00022520271186576951, 0.0001755798794864311, 0.00020041521020201908, 0.0001623663897582908, 0.00010999892072385629, 0.00010879535572062664, 0.00011037291003905691, 0.00012384211209144416, 0.00016734123300661443, 0.00012747383415761222, 0.00013902158837356075], "ts": ["2017-07", "2017-08", "2017-09", "2017-10", "2017-11", "2017-12", "2018-01", "2018-02", "2018-03", "2018-04", "2018-05", "2018-06", "2018-07", "2018-08", "2018-09", "2018-10", "2018-11", "2018-12", "2019-01", "2019-02", "2019-03"], "site": [4, 4, 4, 4, 4, 3, 7]}, "presence_by_category": [["Recreation", 75.0], ["Business", 25.0]]}