{"id": "ie8eamus.com", "name": "ie8eamus.com", "category": "unknown", "website_url": null, "ghostery_id": null, "company_id": null, "company_name": null, "iab_vendor": null, "truste_type": null, "description": null, "truste_privacy_url": null, "privacy_url": null, "date_range": ["2018-07", "2019-03"], "domains": ["ie8eamus.com"], "overview": {"reach": 0.0010983270075521597, "site_reach_top10k": 138, "site_avg_frequency": 0.13484477756485785, "cookies": 2.960822024988078e-05, "bad_qs": 0.06367972221189784, "tracked": 0.0636967311894882, "https": 0.6855153436726918, "requests": 1.6950372213126268, "requests_tracking": 0.08999702027911102, "content_length": 4702.840411692853, "requests_failed": 0.956666794758967, "has_blocking": 0.0, "script": 0.9994544527928426, "iframe": 0.0, "beacon": 0.0, "image": 0.18982648952971437, "stylesheet": 0.0, "font": 0.0001486710633823801, "xhr": 8.819469861666615e-06, "plugin": 0.0, "media": 0.0, "referer_leaked": 0.18335362861338406, "referer_leaked_header": 0.18335362861338406, "referer_leaked_url": 0.0, "hosts": 1.0, "reach_rank": 506, "site_reach_rank": 260}, "reach_time_series": {"page": [0.0011359139994999402, 0.0013805930410589083, 0.0016944802834492779, 0.0014822400411318283, 0.0014079589111306696, 0.0011571095799080306, 0.000988173213517804, 0.0009761959554360953, 0.0010983270075521597], "ts": ["2018-07", "2018-08", "2018-09", "2018-10", "2018-11", "2018-12", "2019-01", "2019-02", "2019-03"], "site": [158, 152, 151, 125, 123, 129, 138]}, "presence_by_category": [["Entertainment", 56.36363636363637], ["Adult", 32.72727272727273], ["Business", 9.090909090909092], ["News and Portals", 1.8181818181818181]]}