{"id": "immobilienscout24_de", "name": "immobilienscout24.de", "category": "misc", "website_url": null, "ghostery_id": null, "company_id": "scout24", "company_name": "Scout 24", "iab_vendor": null, "truste_type": null, "description": null, "truste_privacy_url": null, "privacy_url": null, "date_range": ["2017-05", "2019-03"], "domains": ["immobilienscout24.de", "static-immobilienscout24.de"], "overview": {"reach": 0.0004041559042749703, "site_reach_top10k": 5, "site_avg_frequency": 0.23587247582538065, "cookies": 0.04273258451587941, "bad_qs": 0.0, "tracked": 0.04273258451587941, "https": 0.9876412592596397, "requests": 17.687479135316142, "requests_tracking": 0.335163433603654, "content_length": 97295.8325569531, "requests_failed": 5.704015092763314, "has_blocking": 0.0, "script": 0.931618620114668, "iframe": 0.006799960966991428, "beacon": 0.0, "image": 0.7519760460589501, "stylesheet": 0.20487707170260958, "font": 0.5456437964051969, "xhr": 0.019347018853970326, "plugin": 1.0271844361014242e-05, "media": 1.7119740601690403e-06, "referer_leaked": 0.9120096692294918, "referer_leaked_header": 0.9119514621114461, "referer_leaked_url": 0.0, "hosts": 1.014644226110686, "reach_rank": 779, "site_reach_rank": 1037}, "reach_time_series": {"page": [0.004566335836175495, 0.004611370290110918, 0.004809647775990704, 0.004722681192832062, 0.0036692825502643357, 0.0033232175042794986, 0.002920518119065652, 0.002403667283255317, 0.002882081738958222, 0.0015245090112838702, 0.0008921369702095188, 0.0008609713833099516, 0.0009790144071637836, 0.0008231863967428677, 0.0008882776801516408, 0.0007268777670969703, 0.0004364624317804007, 0.0005517337510494284, 0.0007001208101545929, 0.0006826131888867655, 0.000566210405149271, 0.00043600991024673975, 0.0004041559042749703], "ts": ["2017-05", "2017-06", "2017-07", "2017-08", "2017-09", "2017-10", "2017-11", "2017-12", "2018-01", "2018-02", "2018-03", "2018-04", "2018-05", "2018-06", "2018-07", "2018-08", "2018-09", "2018-10", "2018-11", "2018-12", "2019-01", "2019-02", "2019-03"], "site": [7, 9, 10, 9, 5, 5, 5]}, "presence_by_category": [["Business", 40.0], ["E-Commerce", 40.0], ["News and Portals", 20.0]]}