{"id": "ladsp.com", "name": "ladsp.com", "category": "advertising", "website_url": null, "ghostery_id": null, "company_id": null, "company_name": null, "iab_vendor": null, "truste_type": null, "description": null, "truste_privacy_url": null, "privacy_url": null, "date_range": ["2019-02", "2019-03"], "domains": ["ladsp.com"], "overview": {"reach": 0.0007744804498153138, "site_reach_top10k": 65, "site_avg_frequency": 0.18585422909184396, "cookies": 0.6875568412269307, "bad_qs": 0.05181954462695181, "tracked": 0.6880473061948673, "https": 0.9189526741507987, "requests": 3.353688671777985, "requests_tracking": 1.6893185842447287, "content_length": 3558.6641119010565, "requests_failed": 1.586973107510993, "has_blocking": 0.0, "script": 0.7086459414693937, "iframe": 0.01478363258545615, "beacon": 2.68013643681221e-06, "image": 0.362955690197669, "stylesheet": 0.0010541869984794692, "font": 0.0, "xhr": 0.0005163729534924858, "plugin": 0.0, "media": 9.02312600393444e-05, "referer_leaked": 0.708828190747097, "referer_leaked_header": 0.7032972825203289, "referer_leaked_url": 0.0, "hosts": 1.0, "reach_rank": 627, "site_reach_rank": 451}, "reach_time_series": {"page": [0.0006419582577709654, 0.0007744804498153138], "ts": ["2019-02", "2019-03"], "site": [57, 65]}, "presence_by_category": [["Business", 33.333333333333336], ["News and Portals", 33.333333333333336], ["Adult", 11.11111111111111], ["E-Commerce", 11.11111111111111], ["Entertainment", 11.11111111111111]]}