{"id": "lenmit.com", "name": "lenmit.com", "category": "unknown", "website_url": null, "ghostery_id": "", "company_id": null, "company_name": null, "iab_vendor": null, "truste_type": null, "description": null, "truste_privacy_url": null, "privacy_url": null, "date_range": ["2018-04", "2019-03"], "domains": ["lenmit.com"], "overview": {"reach": 0.0002844896502690971, "site_reach_top10k": 19, "site_avg_frequency": 0.2922418312334461, "cookies": 0.3498707344182076, "bad_qs": 0.0, "tracked": 0.3498707344182076, "https": 0.984446784655458, "requests": 1.9516184342691205, "requests_tracking": 0.5625302491189754, "content_length": 813.1330912593119, "requests_failed": 0.6507178313540174, "has_blocking": 0.0, "script": 0.9999756791003213, "iframe": 0.0, "beacon": 0.0, "image": 0.0, "stylesheet": 0.0, "font": 0.0, "xhr": 4.1345529453825554e-05, "plugin": 0.0, "media": 0.0, "referer_leaked": 0.6997366046564795, "referer_leaked_header": 0.6853483604065481, "referer_leaked_url": 0.0, "hosts": 1.0, "reach_rank": 851, "site_reach_rank": 797}, "reach_time_series": {"page": [0.0003571544563030828, 0.0003702321296737235, 0.0004071171699667038, 0.0004897663703963945, 0.0004303525038508662, 0.0003461723048410185, 0.00031270686276723536, 0.0003260501194528264, 0.0002941439809629498, 0.00027863270919787676, 0.0002832952934267605, 0.0002844896502690971], "ts": ["2018-04", "2018-05", "2018-06", "2018-07", "2018-08", "2018-09", "2018-10", "2018-11", "2018-12", "2019-01", "2019-02", "2019-03"], "site": [21, 20, 22, 17, 18, 18, 19]}, "presence_by_category": [["Business", 50.0], ["E-Commerce", 50.0]]}