{"id": "logsss.com", "name": "logsss.com", "category": "unknown", "website_url": null, "ghostery_id": "logsss.com", "company_id": null, "company_name": null, "iab_vendor": null, "truste_type": null, "description": null, "truste_privacy_url": null, "privacy_url": null, "date_range": ["2018-04", "2019-03"], "domains": ["logsss.com"], "overview": {"reach": 0.0002617585142148453, "site_reach_top10k": 11, "site_avg_frequency": 0.20620402920567518, "cookies": 0.6103098996606012, "bad_qs": 0.0007163323782234957, "tracked": 0.6103865551549499, "https": 0.9999550640205542, "requests": 11.254958817496485, "requests_tracking": 2.1787077469628566, "content_length": 37459.379016483574, "requests_failed": 2.5233904989479696, "has_blocking": 0.0, "script": 0.9767760285052707, "iframe": 0.0, "beacon": 0.0, "image": 0.6996902060711152, "stylesheet": 0.060790450311379904, "font": 0.0, "xhr": 0.8997187536345278, "plugin": 0.0, "media": 0.0, "referer_leaked": 0.6862094122373888, "referer_leaked_header": 0.6253370198458431, "referer_leaked_url": 0.0, "hosts": 1.0, "reach_rank": 872, "site_reach_rank": 918}, "reach_time_series": {"page": [0.0004274279025664208, 0.000494043235771253, 0.0004271303666172593, 0.0004310533554094529, 0.0003979139938627537, 0.0004339491421271523, 0.0004266560120557619, 0.0006587725050105925, 0.0004302411891780516, 0.0003539302375920203, 0.00028267923302912565, 0.0002617585142148453], "ts": ["2018-04", "2018-05", "2018-06", "2018-07", "2018-08", "2018-09", "2018-10", "2018-11", "2018-12", "2019-01", "2019-02", "2019-03"], "site": [20, 16, 14, 11, 10, 10, 11]}, "presence_by_category": [["E-Commerce", 60.0], ["Entertainment", 40.0]]}