{"id": "lottex_inc", "name": "vidcpm.com", "category": "unknown", "website_url": null, "ghostery_id": null, "company_id": null, "company_name": null, "iab_vendor": null, "truste_type": null, "description": null, "truste_privacy_url": null, "privacy_url": null, "date_range": ["2018-05", "2019-03"], "domains": ["vidcpm.com"], "overview": {"reach": 0.000778618730177548, "site_reach_top10k": 73, "site_avg_frequency": 0.10256307339235061, "cookies": 0.08607809107930406, "bad_qs": 0.003430114091281912, "tracked": 0.08885150716191827, "https": 0.8608137901250037, "requests": 1.1462046143032203, "requests_tracking": 0.17657089894759478, "content_length": 16.104795317272224, "requests_failed": 0.9652225530890133, "has_blocking": 0.0, "script": 0.07127705991236324, "iframe": 0.0, "beacon": 0.0, "image": 0.017333628358690407, "stylesheet": 0.0, "font": 0.0, "xhr": 0.9300665495451544, "plugin": 0.0, "media": 0.0, "referer_leaked": 0.08873331929296996, "referer_leaked_header": 0.06595416265672112, "referer_leaked_url": 0.0, "hosts": 1.0, "reach_rank": 623, "site_reach_rank": 420}, "reach_time_series": {"page": [0.0017998884361808138, 0.0004470127077512535, 0.0001597983840346308, 0.0004193979208752451, 0.0005481299048442907, 0.0008127775253069724, 0.0008282856271764717, 0.0009291455950408512, 0.0007546823706475926, 0.0008429065432950655, 0.000778618730177548], "ts": ["2018-05", "2018-06", "2018-07", "2018-08", "2018-09", "2018-10", "2018-11", "2018-12", "2019-01", "2019-02", "2019-03"], "site": [77, 139, 134, 151, 125, 105, 73]}, "presence_by_category": [["Entertainment", 51.724137931034484], ["Adult", 37.93103448275862], ["Business", 10.344827586206897]]}