{"id": "luckypushh.com", "name": "luckypushh.com", "category": "unknown", "website_url": null, "ghostery_id": null, "company_id": null, "company_name": null, "iab_vendor": null, "truste_type": null, "description": null, "truste_privacy_url": null, "privacy_url": null, "date_range": ["2018-12", "2019-03"], "domains": ["luckypushh.com"], "overview": {"reach": 0.00031236993904960647, "site_reach_top10k": 10, "site_avg_frequency": 0.49468283751276776, "cookies": 0.0605408183155246, "bad_qs": 0.0, "tracked": 0.0605408183155246, "https": 0.9743390392146439, "requests": 1.6222201548739212, "requests_tracking": 0.10756560877500754, "content_length": 11.780830808215052, "requests_failed": 1.4943406340261904, "has_blocking": 0.0, "script": 0.9999601297113391, "iframe": 0.0, "beacon": 0.0, "image": 0.0, "stylesheet": 0.0, "font": 0.0, "xhr": 0.005677086102103379, "plugin": 0.0, "media": 0.0, "referer_leaked": 0.06064270905321355, "referer_leaked_header": 0.06064270905321355, "referer_leaked_url": 0.0, "hosts": 1.0, "reach_rank": 828, "site_reach_rank": 943}, "reach_time_series": {"page": [0.001168383153679187, 0.0010063817284202967, 0.0007249937091467007, 0.00031236993904960647], "ts": ["2018-12", "2019-01", "2019-02", "2019-03"], "site": [19, 12, 12, 10]}, "presence_by_category": [["Entertainment", 75.0], ["Business", 25.0]]}