{"id": "makesource.cool", "name": "makesource.cool", "category": "unknown", "website_url": null, "ghostery_id": null, "company_id": null, "company_name": null, "iab_vendor": null, "truste_type": null, "description": null, "truste_privacy_url": null, "privacy_url": null, "date_range": ["2019-01", "2019-03"], "domains": ["makesource.cool"], "overview": {"reach": 5.5638802382327395e-05, "site_reach_top10k": 2, "site_avg_frequency": 0.018378163688614096, "cookies": 0.8256771208993459, "bad_qs": 0.00033576242942771157, "tracked": 0.8257019921904146, "https": 0.8929912701768349, "requests": 23.451948665655234, "requests_tracking": 16.04155992737583, "content_length": 101053.41554953117, "requests_failed": 2.317693436466287, "has_blocking": 0.0, "script": 0.9919914442758724, "iframe": 0.0, "beacon": 0.0, "image": 0.8179794563135773, "stylesheet": 1.243564553435969e-05, "font": 0.0, "xhr": 0.00834431815355535, "plugin": 0.0, "media": 0.0, "referer_leaked": 0.9042704006764991, "referer_leaked_header": 0.6935110801601712, "referer_leaked_url": 0.0, "hosts": 1.0, "reach_rank": 1064, "site_reach_rank": 1101}, "reach_time_series": {"page": [0.0008288520903172791, 0.00028636353156902825, 5.5638802382327395e-05], "ts": ["2019-01", "2019-02", "2019-03"], "site": [143, 35, 2]}, "presence_by_category": []}