{"id": "marshadow.io", "name": "marshadow.io", "category": "advertising", "website_url": null, "ghostery_id": "marshadow.io", "company_id": null, "company_name": null, "iab_vendor": null, "truste_type": null, "description": null, "truste_privacy_url": null, "privacy_url": null, "date_range": ["2017-08", "2019-03"], "domains": ["marshadow.io"], "overview": {"reach": 0.00010578941887044954, "site_reach_top10k": 13, "site_avg_frequency": 0.022055479412215303, "cookies": 0.5999633737965676, "bad_qs": 0.528306822938468, "tracked": 0.8021334763499373, "https": 1.0, "requests": 2.8007076705734617, "requests_tracking": 2.168840257429887, "content_length": 2.1198919526998745, "requests_failed": 0.9739430724152365, "has_blocking": 0.0, "script": 0.08794867099204688, "iframe": 0.9123718082879866, "beacon": 0.0, "image": 0.0, "stylesheet": 0.0, "font": 0.0, "xhr": 0.0, "plugin": 0.0, "media": 6.5403934700711596e-06, "referer_leaked": 0.9921122854750942, "referer_leaked_header": 0.8403555357890331, "referer_leaked_url": 0.0, "hosts": 1.0, "reach_rank": 1011, "site_reach_rank": 877}, "reach_time_series": {"page": [0.0011305810065673557, 0.0014182768913588017, 0.001136755642835316, 0.00030349968007978403, 6.887331629816579e-05, 7.64758353876519e-05, 4.492387707666108e-05, 6.368016443776904e-05, 1.9865368038397105e-05, 7.589254804024895e-05, 8.747049833513938e-05, 7.799467098171537e-05, 8.724619282976383e-05, 1.4708367335971654e-05, 4.2571986888218515e-05, 9.717285129229418e-05, 0.00013549033635046388, 9.058505559697913e-05, 6.318962060283935e-05, 0.00010578941887044954], "ts": ["2017-08", "2017-09", "2017-10", "2017-11", "2017-12", "2018-01", "2018-02", "2018-03", "2018-04", "2018-05", "2018-06", "2018-07", "2018-08", "2018-09", "2018-10", "2018-11", "2018-12", "2019-01", "2019-02", "2019-03"], "site": [1, 5, 19, 22, 7, 10, 13]}, "presence_by_category": [["News and Portals", 41.666666666666664], ["Adult", 16.666666666666668], ["Entertainment", 16.666666666666668], ["Reference", 16.666666666666668], ["E-Commerce", 8.333333333333334]]}