{"id": "maxonclick_com", "name": "maxonclick.com", "category": "unknown", "website_url": null, "ghostery_id": null, "company_id": null, "company_name": null, "iab_vendor": null, "truste_type": null, "description": null, "truste_privacy_url": null, "privacy_url": null, "date_range": ["2017-09", "2019-03"], "domains": ["maxonclick.com"], "overview": {"reach": 0.00010437793384470841, "site_reach_top10k": 2, "site_avg_frequency": 0.4013532900073102, "cookies": 0.008796468155061781, "bad_qs": 0.0, "tracked": 0.008796468155061781, "https": 0.988631542663202, "requests": 1.7335803680330912, "requests_tracking": 0.012349525375192237, "content_length": 41.13561276979371, "requests_failed": 1.624668558095137, "has_blocking": 0.0, "script": 0.9953995863605027, "iframe": 0.05292464336851037, "beacon": 6.628838097258312e-06, "image": 1.9886514291774937e-05, "stylesheet": 0.0, "font": 0.0, "xhr": 0.0, "plugin": 0.0, "media": 0.0, "referer_leaked": 0.05680914249350374, "referer_leaked_header": 0.05647107175054356, "referer_leaked_url": 0.0, "hosts": 1.0, "reach_rank": 1013, "site_reach_rank": 1101}, "reach_time_series": {"page": [0.0012251292637885645, 0.0006176910993043167, 0.0006252682497859964, 0.00020096854389793745, 0.0003081098780290426, 0.00024313350324289086, 0.00014530422665893746, 0.000162652098401752, 0.00021182571646373145, 0.00015485339198089427, 0.00011929492221459961, 0.00012689771802423623, 0.00011887781601290747, 0.00012975344874832263, 0.0001124894462737166, 0.00013884051674606713, 0.000123298887943578, 0.00011419073555795466, 0.00010437793384470841], "ts": ["2017-09", "2017-10", "2017-11", "2017-12", "2018-01", "2018-02", "2018-03", "2018-04", "2018-05", "2018-06", "2018-07", "2018-08", "2018-09", "2018-10", "2018-11", "2018-12", "2019-01", "2019-02", "2019-03"], "site": [3, 2, 2, 2, 2, 2, 2]}, "presence_by_category": [["Business", 100.0]]}