{"id": "mobtrks.com", "name": "mobtrks.com", "category": "unknown", "website_url": null, "ghostery_id": "", "company_id": null, "company_name": null, "iab_vendor": null, "truste_type": null, "description": null, "truste_privacy_url": null, "privacy_url": null, "date_range": ["2017-09", "2019-03"], "domains": ["mobtrks.com"], "overview": {"reach": 7.776659777851727e-05, "site_reach_top10k": 11, "site_avg_frequency": 0.1319873968149043, "cookies": 0.07501223364028649, "bad_qs": 0.0, "tracked": 0.07501223364028649, "https": 0.9076738289069799, "requests": 1.5066061657547043, "requests_tracking": 0.07804617643133592, "content_length": 8.398273944570487, "requests_failed": 1.4274567373993505, "has_blocking": 0.0, "script": 0.9999110280706437, "iframe": 0.0, "beacon": 0.0, "image": 0.0, "stylesheet": 0.0, "font": 0.0, "xhr": 0.0, "plugin": 0.0, "media": 0.0, "referer_leaked": 0.05084745762711865, "referer_leaked_header": 0.05084745762711865, "referer_leaked_url": 0.0, "hosts": 1.0, "reach_rank": 1036, "site_reach_rank": 918}, "reach_time_series": {"page": [0.0010655931106239324, 0.0007138810286997217, 0.0005379901798278832, 0.0004899666304900377, 0.0004493386701677324, 0.00033384629457434983, 0.00019069043570677996, 0.0003120645270777954, 0.0008419149840186289, 0.0017418613994533087, 0.001087005381068715, 0.0009105542440500241, 0.0009469949879721437, 0.001009735541080329, 0.00038866010258550144, 0.0002959305374216033, 0.00011853921535508454, 0.00010004949538613468, 7.776659777851727e-05], "ts": ["2017-09", "2017-10", "2017-11", "2017-12", "2018-01", "2018-02", "2018-03", "2018-04", "2018-05", "2018-06", "2018-07", "2018-08", "2018-09", "2018-10", "2018-11", "2018-12", "2019-01", "2019-02", "2019-03"], "site": [149, 171, 25, 20, 18, 15, 11]}, "presence_by_category": [["Adult", 50.0], ["Entertainment", 50.0]]}