{"id": "modulepush.com", "name": "modulepush.com", "category": "advertising", "website_url": null, "ghostery_id": null, "company_id": null, "company_name": null, "iab_vendor": null, "truste_type": null, "description": null, "truste_privacy_url": null, "privacy_url": null, "date_range": ["2018-06", "2019-03"], "domains": ["modulepush.com"], "overview": {"reach": 0.0002293566300209936, "site_reach_top10k": 13, "site_avg_frequency": 0.3915207488395743, "cookies": 2.413374923827854e-05, "bad_qs": 0.0, "tracked": 2.413374923827854e-05, "https": 0.9048164930042294, "requests": 1.0458752405833127, "requests_tracking": 2.413374923827854e-05, "content_length": 20.287318318119016, "requests_failed": 0.9954598384245489, "has_blocking": 0.0, "script": 0.9999939665626905, "iframe": 0.0, "beacon": 0.0, "image": 0.0, "stylesheet": 0.0, "font": 0.0, "xhr": 0.0, "plugin": 0.0, "media": 0.0, "referer_leaked": 0.04526586341504619, "referer_leaked_header": 0.04526586341504619, "referer_leaked_url": 0.0, "hosts": 1.0, "reach_rank": 896, "site_reach_rank": 877}, "reach_time_series": {"page": [0.0011677905509154516, 0.0006404178710899802, 0.0005264003403751537, 0.0004913468195671541, 0.0004854578180281296, 0.0002631752683044374, 0.000222025310191794, 0.00020049536581488793, 0.00023693795488932644, 0.0002293566300209936], "ts": ["2018-06", "2018-07", "2018-08", "2018-09", "2018-10", "2018-11", "2018-12", "2019-01", "2019-02", "2019-03"], "site": [46, 47, 20, 17, 12, 14, 13]}, "presence_by_category": [["Entertainment", 100.0]]}