{"id": "mov.ad_", "name": "Mov.ad ", "category": "misc", "website_url": null, "ghostery_id": "c_3421", "company_id": null, "company_name": null, "iab_vendor": null, "truste_type": null, "description": null, "truste_privacy_url": null, "privacy_url": null, "date_range": ["2017-05", "2019-03"], "domains": ["movad.de", "movad.net"], "overview": {"reach": 6.957721701152114e-05, "site_reach_top10k": 20, "site_avg_frequency": 0.0916176824018088, "cookies": 0.10097554669398065, "bad_qs": 0.005588758838095048, "tracked": 0.10582841913702404, "https": 0.8915760896588073, "requests": 10.669189232192046, "requests_tracking": 1.8301295756719935, "content_length": 447066.0165773327, "requests_failed": 1.7893972692648097, "has_blocking": 0.0, "script": 0.9159995624459273, "iframe": 0.015254726081206059, "beacon": 0.0, "image": 0.4843624141051522, "stylesheet": 0.0005966646446364821, "font": 0.0, "xhr": 0.32889149653437283, "plugin": 0.00012927733967123777, "media": 0.03627721039389811, "referer_leaked": 0.4842828588192007, "referer_leaked_header": 0.4763571634562794, "referer_leaked_url": 0.0, "hosts": 1.0454061794568363, "reach_rank": 1052, "site_reach_rank": 786}, "reach_time_series": {"page": [0.0016735129010359145, 0.001240379070796499, 0.0011423350681034994, 0.0015353330117639382, 0.0023964540498496527, 0.002417474242081684, 0.00126358229934439, 0.0008999735173125319, 0.0005249569890092628, 0.00024456168542961337, 0.00015238531320356928, 0.0001781902404624817, 0.00032696784161168795, 0.00019029471061347413, 0.0001898172632148026, 0.00017813232399688616, 8.599582765672474e-05, 0.0001574197335011142, 0.00020520047544675662, 0.00023079708566383096, 0.00010522074133420709, 7.427629499108587e-05, 6.957721701152114e-05], "ts": ["2017-05", "2017-06", "2017-07", "2017-08", "2017-09", "2017-10", "2017-11", "2017-12", "2018-01", "2018-02", "2018-03", "2018-04", "2018-05", "2018-06", "2018-07", "2018-08", "2018-09", "2018-10", "2018-11", "2018-12", "2019-01", "2019-02", "2019-03"], "site": [21, 54, 58, 72, 27, 30, 20]}, "presence_by_category": [["News and Portals", 63.333333333333336], ["Entertainment", 30.0], ["Business", 3.3333333333333335], ["E-Commerce", 3.3333333333333335]]}