{"id": "netflix", "name": "Netflix", "category": "misc", "website_url": null, "ghostery_id": "c_2098", "company_id": null, "company_name": null, "iab_vendor": null, "truste_type": null, "description": null, "truste_privacy_url": null, "privacy_url": null, "date_range": ["2017-05", "2019-03"], "domains": ["netflix.com", "nflxext.com", "nflximg.net", "nflxso.net", "nflxvideo.net"], "overview": {"reach": 0.0017365175076613764, "site_reach_top10k": 17, "site_avg_frequency": 0.1399433390812046, "cookies": 0.022773048472665768, "bad_qs": 0.0, "tracked": 0.022773048472665768, "https": 0.9883032873595735, "requests": 1269.544045757272, "requests_tracking": 0.09813149836737703, "content_length": 1987878904.520103, "requests_failed": 246.25249455626323, "has_blocking": 0.0, "script": 0.9160371588575026, "iframe": 0.5680647391289623, "beacon": 3.984436789898656e-07, "image": 0.8439614864339888, "stylesheet": 0.8546585038838298, "font": 0.6310009104438065, "xhr": 0.6509286726048056, "plugin": 0.001550344354949567, "media": 0.009436341649516986, "referer_leaked": 0.9485019513779178, "referer_leaked_header": 0.9387568158771837, "referer_leaked_url": 0.0, "hosts": 2.878347972818172, "reach_rank": 357, "site_reach_rank": 823}, "reach_time_series": {"page": [0.0015872864249362989, 0.002589937373762494, 0.002165276754952681, 0.002658068460404126, 0.0030099818080139354, 0.0022566821511537565, 0.001976844110849326, 0.0019135988256482243, 0.0017916762479325877, 0.0015199806287406036, 0.0015872466351263845, 0.001747674516217455, 0.0022285837864183663, 0.0017411840297205208, 0.00183419627246236, 0.002017197128038907, 0.0018829037794405206, 0.0018041080911057239, 0.0017657859687960147, 0.0020538618410313207, 0.0019327136351953028, 0.0017449942933263748, 0.0017365175076613764], "ts": ["2017-05", "2017-06", "2017-07", "2017-08", "2017-09", "2017-10", "2017-11", "2017-12", "2018-01", "2018-02", "2018-03", "2018-04", "2018-05", "2018-06", "2018-07", "2018-08", "2018-09", "2018-10", "2018-11", "2018-12", "2019-01", "2019-02", "2019-03"], "site": [11, 10, 13, 9, 13, 12, 17]}, "presence_by_category": [["Business", 40.0], ["Entertainment", 40.0], ["News and Portals", 20.0]]}