{"id": "newscgp.com", "name": "News Connect", "category": "advertising", "website_url": null, "ghostery_id": null, "company_id": "news_corp", "company_name": "News Corp", "iab_vendor": null, "truste_type": null, "description": null, "truste_privacy_url": null, "privacy_url": null, "date_range": ["2019-02", "2019-03"], "domains": ["newscgp.com"], "overview": {"reach": 0.0011374922574943543, "site_reach_top10k": 15, "site_avg_frequency": 0.8721634798747727, "cookies": 0.697647569771813, "bad_qs": 0.0006526756050175121, "tracked": 0.6976779833601175, "https": 0.977615599007787, "requests": 3.6775934579155014, "requests_tracking": 1.8760707103762648, "content_length": 9072.879534818085, "requests_failed": 1.1209943783523377, "has_blocking": 0.0, "script": 0.9945948970864998, "iframe": 0.16186294177257693, "beacon": 0.0, "image": 0.696716305697925, "stylesheet": 4.257902362649194e-05, "font": 0.0, "xhr": 0.6769255755163315, "plugin": 0.0, "media": 0.0, "referer_leaked": 0.711381737978421, "referer_leaked_header": 0.6463343718559953, "referer_leaked_url": 0.0, "hosts": 1.0, "reach_rank": 496, "site_reach_rank": 851}, "reach_time_series": {"page": [0.000769900169149757, 0.0011374922574943543], "ts": ["2019-02", "2019-03"], "site": [15, 15]}, "presence_by_category": [["News and Portals", 62.5], ["Business", 25.0], ["Reference", 12.5]]}