{"id": "noop.style", "name": "noop.style", "category": "unknown", "website_url": null, "ghostery_id": null, "company_id": null, "company_name": null, "iab_vendor": null, "truste_type": null, "description": null, "truste_privacy_url": null, "privacy_url": null, "date_range": ["2018-09", "2019-03"], "domains": ["noop.style"], "overview": {"reach": 0.0008534481936745598, "site_reach_top10k": 139, "site_avg_frequency": 0.02332459982982921, "cookies": 0.7149456374135877, "bad_qs": 0.0, "tracked": 0.7149456374135877, "https": 0.8598368676513628, "requests": 1.0570501111897506, "requests_tracking": 0.7366533790253081, "content_length": 5.615876096595234, "requests_failed": 0.3703887466081654, "has_blocking": 0.0, "script": 0.0, "iframe": 2.4321491199268408e-06, "beacon": 0.0, "image": 0.0, "stylesheet": 0.0, "font": 0.0, "xhr": 0.0, "plugin": 0.9999918928362669, "media": 0.0, "referer_leaked": 0.6698989928470495, "referer_leaked_header": 0.6698989928470495, "referer_leaked_url": 0.0, "hosts": 1.0, "reach_rank": 608, "site_reach_rank": 257}, "reach_time_series": {"page": [0.0010427275246601313, 0.0013030662425998164, 0.0013252117351305781, 0.0009318548444365562, 0.0007275989726963744, 0.0008128973244739816, 0.0008534481936745598], "ts": ["2018-09", "2018-10", "2018-11", "2018-12", "2019-01", "2019-02", "2019-03"], "site": [170, 286, 277, 160, 121, 143, 139]}, "presence_by_category": [["Entertainment", 38.775510204081634], ["Adult", 20.408163265306122], ["News and Portals", 18.367346938775512], ["Reference", 14.285714285714286], ["E-Commerce", 6.122448979591836], ["Business", 2.0408163265306123]]}