{"id": "o12zs3u2n.com", "name": "o12zs3u2n.com", "category": "unknown", "website_url": null, "ghostery_id": null, "company_id": null, "company_name": null, "iab_vendor": null, "truste_type": null, "description": null, "truste_privacy_url": null, "privacy_url": null, "date_range": ["2018-09", "2019-03"], "domains": ["o12zs3u2n.com"], "overview": {"reach": 1.6731632790427553e-05, "site_reach_top10k": 3, "site_avg_frequency": 0.18087820646176453, "cookies": 0.01004879662558928, "bad_qs": 0.0, "tracked": 0.01004879662558928, "https": 0.9298238359110081, "requests": 1.9745678603920271, "requests_tracking": 0.011082623438921512, "content_length": 3.054420643453809, "requests_failed": 1.9621619386320404, "has_blocking": 0.0, "script": 0.9990488793317344, "iframe": 8.270614506657845e-05, "beacon": 0.0, "image": 0.0001654122901331569, "stylesheet": 0.9679513687867008, "font": 0.0, "xhr": 0.0002481184351997353, "plugin": 0.0, "media": 0.0, "referer_leaked": 0.010214208915722438, "referer_leaked_header": 0.010214208915722438, "referer_leaked_url": 0.0, "hosts": 1.0, "reach_rank": 1115, "site_reach_rank": 1075}, "reach_time_series": {"page": [0.0005046481631430346, 0.00012757328643766657, 5.138198715745529e-05, 5.9331013623428074e-05, 5.5750893652818805e-05, 1.7708117278230815e-05, 1.6731632790427553e-05], "ts": ["2018-09", "2018-10", "2018-11", "2018-12", "2019-01", "2019-02", "2019-03"], "site": [62, 32, 6, 10, 8, 2, 3]}, "presence_by_category": []}