{"id": "oclasrv.com", "name": "oclasrv.com", "category": "unknown", "website_url": null, "ghostery_id": "oclasrv.com", "company_id": null, "company_name": null, "iab_vendor": null, "truste_type": null, "description": null, "truste_privacy_url": null, "privacy_url": null, "date_range": ["2017-08", "2019-03"], "domains": ["oclasrv.com"], "overview": {"reach": 0.0003281024618512251, "site_reach_top10k": 33, "site_avg_frequency": 0.3012279758251096, "cookies": 0.09054580115646918, "bad_qs": 0.0022184638613924022, "tracked": 0.09200509487517977, "https": 0.6192023652367556, "requests": 1.3713775985761343, "requests_tracking": 0.10593164938148722, "content_length": 110.40603160678361, "requests_failed": 1.2243242331327155, "has_blocking": 0.0, "script": 0.9991016486644931, "iframe": 0.0007992374557677952, "beacon": 0.0, "image": 0.002714033260087473, "stylesheet": 0.0, "font": 0.0, "xhr": 1.0544029759469594e-05, "plugin": 0.0, "media": 0.0, "referer_leaked": 0.10275367881198308, "referer_leaked_header": 0.10273469955841603, "referer_leaked_url": 0.0, "hosts": 1.0, "reach_rank": 820, "site_reach_rank": 661}, "reach_time_series": {"page": [0.0011673796276399728, 0.0010460204259166374, 0.0009426840330878207, 0.001256797052479222, 0.0012966919653593313, 0.0010433361986586411, 0.0015748901698870318, 0.002154348226777681, 0.0030438897807228663, 0.003695369451195838, 0.0033639001984475223, 0.0028012135893069204, 0.0032680922927787854, 0.003414158845576025, 0.003153408292419809, 0.001661269049795288, 0.001071679979820148, 0.0007077460954551698, 0.0004062315130106704, 0.0003281024618512251], "ts": ["2017-08", "2017-09", "2017-10", "2017-11", "2017-12", "2018-01", "2018-02", "2018-03", "2018-04", "2018-05", "2018-06", "2018-07", "2018-08", "2018-09", "2018-10", "2018-11", "2018-12", "2019-01", "2019-02", "2019-03"], "site": [207, 212, 112, 66, 60, 43, 33]}, "presence_by_category": [["Entertainment", 78.57142857142857], ["Business", 14.285714285714286], ["Adult", 7.142857142857143]]}