{"id": "oghub.io", "name": "OG Hub", "category": "unknown", "website_url": null, "ghostery_id": null, "company_id": null, "company_name": null, "iab_vendor": null, "truste_type": null, "description": null, "truste_privacy_url": null, "privacy_url": null, "date_range": ["2018-11", "2019-03"], "domains": ["oghub.io"], "overview": {"reach": 0.00020049037743573856, "site_reach_top10k": 11, "site_avg_frequency": 0.509797976842326, "cookies": 0.3899594845496021, "bad_qs": 0.0, "tracked": 0.3899594845496021, "https": 0.9997894853088354, "requests": 2.0085310215829324, "requests_tracking": 0.4140478869156492, "content_length": 82.65193639005267, "requests_failed": 0.2610968850727829, "has_blocking": 0.0, "script": 0.9498077759295431, "iframe": 0.0, "beacon": 0.0, "image": 0.0, "stylesheet": 6.902121021789996e-06, "font": 0.0, "xhr": 0.3489022176514843, "plugin": 0.0, "media": 0.0, "referer_leaked": 0.7218031100957324, "referer_leaked_header": 0.7218031100957324, "referer_leaked_url": 0.0, "hosts": 1.0, "reach_rank": 917, "site_reach_rank": 918}, "reach_time_series": {"page": [0.0011382847448770325, 0.0011006302447913961, 0.00026429342684406663, 0.0001041584413019527, 0.00020049037743573856], "ts": ["2018-11", "2018-12", "2019-01", "2019-02", "2019-03"], "site": [9, 8, 9, 10, 11]}, "presence_by_category": [["E-Commerce", 75.0], ["Business", 25.0]]}