{"id": "otto.de", "name": "Otto Group", "category": "misc", "website_url": null, "ghostery_id": null, "company_id": null, "company_name": null, "iab_vendor": null, "truste_type": null, "description": null, "truste_privacy_url": null, "privacy_url": null, "date_range": ["2017-05", "2019-03"], "domains": ["otto.de", "ottogroup.media"], "overview": {"reach": 0.0005364376516506171, "site_reach_top10k": 26, "site_avg_frequency": 0.30165266577528194, "cookies": 0.1522095791855087, "bad_qs": 0.0001070545049309563, "tracked": 0.15229083742419122, "https": 0.9951077381059865, "requests": 1.8374757837550593, "requests_tracking": 0.6084849078944313, "content_length": 12661.933012255806, "requests_failed": 0.28360286132185225, "has_blocking": 0.0, "script": 0.8390661235692746, "iframe": 0.0002644117290463378, "beacon": 0.0001521979708656969, "image": 0.15955635581305963, "stylesheet": 0.00306846587024994, "font": 0.0028930512597606624, "xhr": 0.0003598579141655037, "plugin": 0.0, "media": 0.0011156885152443035, "referer_leaked": 0.6428455345373311, "referer_leaked_header": 0.642830056777582, "referer_leaked_url": 0.0, "hosts": 1.0015503556015302, "reach_rank": 725, "site_reach_rank": 727}, "reach_time_series": {"page": [0.002904009917778947, 0.003504835475029827, 0.004460181478547803, 0.006038420649140806, 0.005148056830718413, 0.004557337202174188, 0.0036801080220840825, 0.002782604170986364, 0.0028395405522555054, 0.0018323345230903734, 0.0004554221897327112, 0.0002710731492866401, 0.0003656504146957253, 0.0003623543201249614, 0.0003200826152722207, 0.0003242166089808651, 0.00019567306822725164, 0.00018612728980526392, 0.00055907618389586, 0.0014682181065156293, 0.0006380162770889616, 0.0004453376759017911, 0.0005364376516506171], "ts": ["2017-05", "2017-06", "2017-07", "2017-08", "2017-09", "2017-10", "2017-11", "2017-12", "2018-01", "2018-02", "2018-03", "2018-04", "2018-05", "2018-06", "2018-07", "2018-08", "2018-09", "2018-10", "2018-11", "2018-12", "2019-01", "2019-02", "2019-03"], "site": [21, 33, 82, 122, 31, 27, 26]}, "presence_by_category": [["E-Commerce", 35.0], ["News and Portals", 27.5], ["Entertainment", 17.5], ["Business", 10.0], ["Reference", 10.0]]}