{"id": "perfdrive.com", "name": "perfdrive.com", "category": "unknown", "website_url": null, "ghostery_id": null, "company_id": null, "company_name": null, "iab_vendor": null, "truste_type": null, "description": null, "truste_privacy_url": null, "privacy_url": null, "date_range": ["2018-02", "2019-03"], "domains": ["perfdrive.com"], "overview": {"reach": 0.0005609296844649234, "site_reach_top10k": 31, "site_avg_frequency": 0.3626051827841063, "cookies": 0.024466389705737234, "bad_qs": 0.010779520022104245, "tracked": 0.03425294558803213, "https": 0.9997952396929088, "requests": 3.525396445558428, "requests_tracking": 0.03936948627365845, "content_length": 8109.405807791746, "requests_failed": 0.7374146420888512, "has_blocking": 0.0, "script": 0.996461100475636, "iframe": 1.2334958258501254e-06, "beacon": 0.0, "image": 6.167479129250627e-05, "stylesheet": 5.427381633740551e-05, "font": 0.0, "xhr": 0.6289003138013382, "plugin": 0.0, "media": 0.0, "referer_leaked": 0.7589305097791549, "referer_leaked_header": 0.7263341490852395, "referer_leaked_url": 0.0, "hosts": 1.0, "reach_rank": 712, "site_reach_rank": 677}, "reach_time_series": {"page": [0.0006694400803609089, 0.0008971370056287334, 0.0008873862248131921, 0.0010596767757823004, 0.0008474562463733297, 0.0006326961395442821, 0.000614398056109251, 0.0006732007176302389, 0.0006313960308415523, 0.0005514672481717136, 0.000514871947729829, 0.000615140331314807, 0.0005834188476369574, 0.0005609296844649234], "ts": ["2018-02", "2018-03", "2018-04", "2018-05", "2018-06", "2018-07", "2018-08", "2018-09", "2018-10", "2018-11", "2018-12", "2019-01", "2019-02", "2019-03"], "site": [25, 25, 23, 19, 33, 30, 31]}, "presence_by_category": [["Entertainment", 60.0], ["E-Commerce", 13.333333333333334], ["News and Portals", 13.333333333333334], ["Business", 6.666666666666667], ["Reference", 6.666666666666667]]}