{"id": "piguiqproxy.com", "name": "piguiqproxy.com", "category": "unknown", "website_url": null, "ghostery_id": null, "company_id": null, "company_name": null, "iab_vendor": null, "truste_type": null, "description": null, "truste_privacy_url": null, "privacy_url": null, "date_range": ["2018-03", "2019-03"], "domains": ["piguiqproxy.com"], "overview": {"reach": 0.0003833385758585617, "site_reach_top10k": 10, "site_avg_frequency": 0.7893670519582809, "cookies": 5.414830136778609e-06, "bad_qs": 0.0, "tracked": 5.414830136778609e-06, "https": 0.7260691582105069, "requests": 1.323633567614984, "requests_tracking": 1.2634603652483422e-05, "content_length": 31.102993679088286, "requests_failed": 0.4193172260186198, "has_blocking": 0.0, "script": 0.0, "iframe": 0.0, "beacon": 0.0, "image": 0.0, "stylesheet": 0.0, "font": 0.0, "xhr": 0.9998158957753496, "plugin": 0.0, "media": 0.0, "referer_leaked": 0.86826801243245, "referer_leaked_header": 0.86826801243245, "referer_leaked_url": 0.0, "hosts": 1.0, "reach_rank": 789, "site_reach_rank": 943}, "reach_time_series": {"page": [0.002407985635399898, 0.0022708261690527224, 0.0028029722985105383, 0.0018027348725987483, 0.0014005420150263988, 0.0010258929514246912, 0.0008620217370629945, 0.0007461586735295773, 0.0006771832399937644, 0.000662512106513146, 0.0004916212931403918, 0.0003980128169226406, 0.0003833385758585617], "ts": ["2018-03", "2018-04", "2018-05", "2018-06", "2018-07", "2018-08", "2018-09", "2018-10", "2018-11", "2018-12", "2019-01", "2019-02", "2019-03"], "site": [35, 29, 25, 22, 17, 15, 10]}, "presence_by_category": [["Entertainment", 100.0]]}