{"id": "pmddby.com", "name": "pmddby.com", "category": "extensions", "website_url": null, "ghostery_id": null, "company_id": null, "company_name": null, "iab_vendor": null, "truste_type": null, "description": null, "truste_privacy_url": null, "privacy_url": null, "date_range": ["2017-11", "2019-03"], "domains": ["pmddby.com"], "overview": {"reach": 0.0001227805158200207, "site_reach_top10k": 13, "site_avg_frequency": 0.024191218649901543, "cookies": 0.8531216716539027, "bad_qs": 0.02055192079029377, "tracked": 0.8561140132880256, "https": 0.7719565180639381, "requests": 2.4128529807892796, "requests_tracking": 2.030937769437541, "content_length": 2003.3775422224476, "requests_failed": 0.302339210945997, "has_blocking": 0.0, "script": 0.9390430142065787, "iframe": 0.0, "beacon": 0.04200548877731005, "image": 0.005635294979515703, "stylesheet": 0.0, "font": 2.2541179918062812e-05, "xhr": 0.0006142471527672116, "plugin": 0.0, "media": 0.0, "referer_leaked": 0.7754504009512377, "referer_leaked_header": 0.7684344587017408, "referer_leaked_url": 0.0, "hosts": 1.0, "reach_rank": 994, "site_reach_rank": 877}, "reach_time_series": {"page": [0.0038322096455730473, 0.005996229800077475, 0.005271509764650715, 0.0022358366301699936, 0.00083753900902771, 0.0007921432774307531, 0.0022391365105934972, 0.0013474218198263992, 0.001162023428186967, 0.00032600582187410006, 0.00015164473179391544, 0.00011776380756802121, 0.00012055106551562861, 0.00012131554351213524, 9.425750581642137e-05, 9.209057411329554e-05, 0.0001227805158200207], "ts": ["2017-11", "2017-12", "2018-01", "2018-02", "2018-03", "2018-04", "2018-05", "2018-06", "2018-07", "2018-08", "2018-09", "2018-10", "2018-11", "2018-12", "2019-01", "2019-02", "2019-03"], "site": [12, 13, 19, 15, 8, 11, 13]}, "presence_by_category": [["Entertainment", 50.0], ["News and Portals", 25.0], ["Reference", 25.0]]}