{"id": "pub.network", "name": "pub.network", "category": "advertising", "website_url": null, "ghostery_id": null, "company_id": null, "company_name": null, "iab_vendor": null, "truste_type": null, "description": null, "truste_privacy_url": null, "privacy_url": null, "date_range": ["2018-09", "2019-03"], "domains": ["pub.network"], "overview": {"reach": 0.0014081901768722269, "site_reach_top10k": 50, "site_avg_frequency": 0.7352917745438726, "cookies": 0.05547704985854234, "bad_qs": 3.8816099149092144e-05, "tracked": 0.055477541201569544, "https": 0.9926426295106519, "requests": 1.6986342629215847, "requests_tracking": 0.40941698219078065, "content_length": 44.69336559164088, "requests_failed": 1.2030745298584244, "has_blocking": 0.0, "script": 0.9993902433032402, "iframe": 0.0, "beacon": 0.0, "image": 3.291998282264777e-05, "stylesheet": 0.0, "font": 0.0, "xhr": 0.05275058740058902, "plugin": 0.0, "media": 0.0, "referer_leaked": 0.05964216470014809, "referer_leaked_header": 0.056616474338627716, "referer_leaked_url": 0.0, "hosts": 1.0, "reach_rank": 418, "site_reach_rank": 536}, "reach_time_series": {"page": [0.0012198922152848453, 0.001070206885814129, 0.0008951359064516219, 0.0010173959107852907, 0.0013932090519030206, 0.0014524966982419926, 0.0014081901768722269], "ts": ["2018-09", "2018-10", "2018-11", "2018-12", "2019-01", "2019-02", "2019-03"], "site": [41, 41, 42, 41, 45, 53, 50]}, "presence_by_category": [["Entertainment", 61.111111111111114], ["Business", 22.22222222222222], ["News and Portals", 16.666666666666668]]}