{"id": "puserving.com", "name": "puserving.com", "category": "unknown", "website_url": null, "ghostery_id": null, "company_id": null, "company_name": null, "iab_vendor": null, "truste_type": null, "description": null, "truste_privacy_url": null, "privacy_url": null, "date_range": ["2018-03", "2019-03"], "domains": ["puserving.com"], "overview": {"reach": 4.556674967658536e-05, "site_reach_top10k": 4, "site_avg_frequency": 0.2646427039546312, "cookies": 0.0, "bad_qs": 0.0, "tracked": 0.0, "https": 0.4559576051141109, "requests": 1.6354981247247824, "requests_tracking": 0.0, "content_length": 47.42150416812184, "requests_failed": 1.5456063896017127, "has_blocking": 0.0, "script": 0.9982386078928588, "iframe": 0.0, "beacon": 0.0, "image": 0.0, "stylesheet": 0.0, "font": 0.0, "xhr": 0.0, "plugin": 0.0, "media": 0.0, "referer_leaked": 0.06116282247900755, "referer_leaked_header": 0.06116282247900755, "referer_leaked_url": 0.0, "hosts": 1.0, "reach_rank": 1077, "site_reach_rank": 1059}, "reach_time_series": {"page": [0.002354005098657948, 0.0011762871933208318, 0.0005681434061632177, 0.0003101173110725692, 0.0002469043095625075, 0.00022652665479372806, 0.00023870759605680597, 0.00021568338230150595, 0.0001468356042386607, 0.00012720467762714204, 9.836410704974946e-05, 6.923923719684663e-05, 4.556674967658536e-05], "ts": ["2018-03", "2018-04", "2018-05", "2018-06", "2018-07", "2018-08", "2018-09", "2018-10", "2018-11", "2018-12", "2019-01", "2019-02", "2019-03"], "site": [13, 18, 13, 9, 5, 4, 4]}, "presence_by_category": [["Entertainment", 100.0]]}