{"id": "pushnative.com", "name": "pushnative.com", "category": "unknown", "website_url": null, "ghostery_id": "pushnative.com", "company_id": null, "company_name": null, "iab_vendor": null, "truste_type": null, "description": null, "truste_privacy_url": null, "privacy_url": null, "date_range": ["2017-09", "2019-03"], "domains": ["pushnative.com"], "overview": {"reach": 4.2627539681806755e-05, "site_reach_top10k": 5, "site_avg_frequency": 0.21492890661366845, "cookies": 0.12217370838676167, "bad_qs": 0.0, "tracked": 0.12217370838676167, "https": 0.9371845022642795, "requests": 1.5841029719683812, "requests_tracking": 0.17171192520573292, "content_length": 22.585774805629047, "requests_failed": 1.378824522391209, "has_blocking": 0.0, "script": 0.99987014884189, "iframe": 0.0, "beacon": 0.0, "image": 0.0, "stylesheet": 0.0, "font": 0.0, "xhr": 0.008959729909591131, "plugin": 0.0, "media": 0.0, "referer_leaked": 0.1224009479134542, "referer_leaked_header": 0.1224009479134542, "referer_leaked_url": 0.0, "hosts": 1.0, "reach_rank": 1081, "site_reach_rank": 1037}, "reach_time_series": {"page": [0.001040192695774432, 0.0007677898091851371, 0.0005927729989818075, 0.0004909467164916934, 0.0005035713629504977, 0.00023302592118157437, 0.00014551095359192594, 7.903050859077196e-05, 6.35044506510574e-05, 0.00013749579257820094, 0.00028429187132089374, 0.000288600842016425, 0.00010874358354013182, 0.0001788934561912616, 6.243420708588303e-05, 7.641321809897618e-05, 5.561560580146628e-05, 5.315571783404983e-05, 4.2627539681806755e-05], "ts": ["2017-09", "2017-10", "2017-11", "2017-12", "2018-01", "2018-02", "2018-03", "2018-04", "2018-05", "2018-06", "2018-07", "2018-08", "2018-09", "2018-10", "2018-11", "2018-12", "2019-01", "2019-02", "2019-03"], "site": [7, 11, 12, 7, 7, 8, 5]}, "presence_by_category": [["Entertainment", 100.0]]}