{"id": "pushwhy.com", "name": "pushwhy.com", "category": "unknown", "website_url": null, "ghostery_id": null, "company_id": null, "company_name": null, "iab_vendor": null, "truste_type": null, "description": null, "truste_privacy_url": null, "privacy_url": null, "date_range": ["2019-01", "2019-03"], "domains": ["pushwhy.com"], "overview": {"reach": 9.313725456618364e-06, "site_reach_top10k": 4, "site_avg_frequency": 0.05905161613856435, "cookies": 0.0022286605749944283, "bad_qs": 7.428868583314762e-05, "tracked": 0.002302949260827576, "https": 1.0, "requests": 1.5745486962335635, "requests_tracking": 0.002302949260827576, "content_length": 68.35101404056162, "requests_failed": 0.7997919916796672, "has_blocking": 0.0, "script": 0.0, "iframe": 0.0, "beacon": 0.0, "image": 0.0, "stylesheet": 0.0, "font": 0.0, "xhr": 0.999479979199168, "plugin": 0.0, "media": 0.0, "referer_leaked": 0.7734195082088998, "referer_leaked_header": 0.7733452195230667, "referer_leaked_url": 0.0, "hosts": 1.0, "reach_rank": 1136, "site_reach_rank": 1059}, "reach_time_series": {"page": [0.0008205700140353889, 0.0006765525422929846, 9.313725456618364e-06], "ts": ["2019-01", "2019-02", "2019-03"], "site": [94, 102, 4]}, "presence_by_category": [["Entertainment", 100.0]]}