{"id": "pvclouds.com", "name": "pvclouds.com", "category": "unknown", "website_url": null, "ghostery_id": null, "company_id": null, "company_name": null, "iab_vendor": null, "truste_type": null, "description": null, "truste_privacy_url": null, "privacy_url": null, "date_range": ["2018-05", "2019-03"], "domains": ["pvclouds.com"], "overview": {"reach": 0.00045112652802862857, "site_reach_top10k": 34, "site_avg_frequency": 0.32060971815594275, "cookies": 4.2944324217378037e-05, "bad_qs": 0.0, "tracked": 4.2944324217378037e-05, "https": 0.6378689185852299, "requests": 1.8306643947074188, "requests_tracking": 4.9079227677003467e-05, "content_length": 13.802768988676503, "requests_failed": 1.599461355476245, "has_blocking": 0.0, "script": 0.9991855915657347, "iframe": 7.668629324531792e-06, "beacon": 0.0, "image": 0.0, "stylesheet": 0.0, "font": 0.0, "xhr": 3.374196902793988e-05, "plugin": 0.0, "media": 0.0, "referer_leaked": 0.09312783451711408, "referer_leaked_header": 0.09312783451711408, "referer_leaked_url": 0.0, "hosts": 1.0, "reach_rank": 759, "site_reach_rank": 649}, "reach_time_series": {"page": [0.001194242147769536, 0.000877401633310334, 0.0002770235971646242, 0.0002769562486873589, 0.0005389816351178987, 0.0008312851259097175, 0.0009780877531911287, 0.000938505664667384, 0.0007253162976771899, 0.0004719537369975205, 0.00045112652802862857], "ts": ["2018-05", "2018-06", "2018-07", "2018-08", "2018-09", "2018-10", "2018-11", "2018-12", "2019-01", "2019-02", "2019-03"], "site": [43, 67, 80, 95, 67, 42, 34]}, "presence_by_category": [["Entertainment", 75.0], ["Adult", 25.0]]}