{"id": "redtube.com", "name": "redtube.com", "category": "cdn", "website_url": null, "ghostery_id": "redtube.com", "company_id": null, "company_name": null, "iab_vendor": null, "truste_type": null, "description": null, "truste_privacy_url": null, "privacy_url": null, "date_range": ["2017-05", "2019-03"], "domains": ["rdtcdn.com", "redtube.com"], "overview": {"reach": 0.0005681953728253683, "site_reach_top10k": 30, "site_avg_frequency": 0.18764383598515205, "cookies": 0.10949032214854999, "bad_qs": 0.00621525684816824, "tracked": 0.11543280910369517, "https": 0.9848235215323823, "requests": 41.30792920160009, "requests_tracking": 0.7204047710376824, "content_length": 117686081.17982234, "requests_failed": 9.553096973350138, "has_blocking": 0.0, "script": 0.20438014868394616, "iframe": 0.04461127245937373, "beacon": 1.2177227367100784e-06, "image": 0.9507211962908165, "stylesheet": 0.19013035721896482, "font": 0.1308528321186549, "xhr": 0.015511352220212979, "plugin": 0.0024427518098404173, "media": 0.5261037134454856, "referer_leaked": 0.7209137791416272, "referer_leaked_header": 0.7208857715186829, "referer_leaked_url": 0.0, "hosts": 1.0925396216535457, "reach_rank": 708, "site_reach_rank": 689}, "reach_time_series": {"page": [0.0011574191542919733, 0.0014397088855252769, 0.0015036023162346378, 0.0014620147957374525, 0.0012845329332212972, 0.001380026905405215, 0.0015710529586967594, 0.0015634662836541487, 0.001057913979942709, 0.0008316548709268157, 0.0008188784578766173, 0.0008363478257310706, 0.0010442709271202104, 0.0008723880709699256, 0.0008694041358073528, 0.0007574789239346306, 0.0006933070348562258, 0.0006761231494742884, 0.0006778237390135817, 0.0006974165275848977, 0.0005594374033547404, 0.0005223452256061512, 0.0005681953728253683], "ts": ["2017-05", "2017-06", "2017-07", "2017-08", "2017-09", "2017-10", "2017-11", "2017-12", "2018-01", "2018-02", "2018-03", "2018-04", "2018-05", "2018-06", "2018-07", "2018-08", "2018-09", "2018-10", "2018-11", "2018-12", "2019-01", "2019-02", "2019-03"], "site": [26, 28, 26, 32, 31, 26, 30]}, "presence_by_category": [["Adult", 93.33333333333333], ["Entertainment", 6.666666666666667]]}