{"id": "remove.video", "name": "remove.video", "category": "extensions", "website_url": null, "ghostery_id": null, "company_id": null, "company_name": null, "iab_vendor": null, "truste_type": null, "description": null, "truste_privacy_url": null, "privacy_url": null, "date_range": ["2019-02", "2019-03"], "domains": ["remove.video"], "overview": {"reach": 0.0010598176830042799, "site_reach_top10k": 172, "site_avg_frequency": 0.025219790344747126, "cookies": 0.7814035018998002, "bad_qs": 0.0, "tracked": 0.7814035018998002, "https": 0.8719031950592137, "requests": 1.267039445336676, "requests_tracking": 0.9369925705406923, "content_length": 11.724608615039106, "requests_failed": 0.23099677490957995, "has_blocking": 0.0, "script": 0.07670557666444697, "iframe": 0.9231932312272317, "beacon": 0.0, "image": 0.0, "stylesheet": 0.0, "font": 0.0, "xhr": 7.63837204747542e-05, "plugin": 0.0, "media": 0.0, "referer_leaked": 0.7241633697624923, "referer_leaked_header": 0.7241633697624923, "referer_leaked_url": 0.0, "hosts": 1.0, "reach_rank": 524, "site_reach_rank": 219}, "reach_time_series": {"page": [0.0008497121608992253, 0.0010598176830042799], "ts": ["2019-02", "2019-03"], "site": [97, 172]}, "presence_by_category": [["Entertainment", 37.2093023255814], ["Adult", 16.27906976744186], ["Reference", 13.953488372093023], ["Business", 11.627906976744185], ["E-Commerce", 11.627906976744185], ["News and Portals", 9.30232558139535]]}