{"id": "rtbsuperhub.com", "name": "rtbsuperhub.com", "category": "advertising", "website_url": null, "ghostery_id": null, "company_id": null, "company_name": null, "iab_vendor": null, "truste_type": null, "description": null, "truste_privacy_url": null, "privacy_url": null, "date_range": ["2018-01", "2019-03"], "domains": ["rtbsuperhub.com"], "overview": {"reach": 0.00030091269368624985, "site_reach_top10k": 73, "site_avg_frequency": 0.04642027684213981, "cookies": 0.7686828157873559, "bad_qs": 0.04799438957933342, "tracked": 0.7758889872500891, "https": 0.8584610432163347, "requests": 2.8563709315827595, "requests_tracking": 1.6177142134489142, "content_length": 4621.8787712259, "requests_failed": 0.6205815063059749, "has_blocking": 0.0, "script": 0.24844506271484576, "iframe": 0.7798507720076798, "beacon": 0.0, "image": 0.14360377553718628, "stylesheet": 0.0, "font": 0.0, "xhr": 0.00018164886584426485, "plugin": 0.0, "media": 0.0, "referer_leaked": 0.7633552155068348, "referer_leaked_header": 0.7236591899380325, "referer_leaked_url": 0.0, "hosts": 1.0, "reach_rank": 836, "site_reach_rank": 420}, "reach_time_series": {"page": [0.0008970145948374973, 0.000739833206434121, 0.0003152254964981422, 0.00038672090209222607, 0.0008002415318903029, 0.0007445114417562031, 0.0010411835118669572, 0.0008295101210250613, 0.00022973193519317605, 0.0004557590513048986, 0.000838085743757888, 0.001207814343455534, 0.0005289705792301513, 0.00029644971100341343, 0.00030091269368624985], "ts": ["2018-01", "2018-02", "2018-03", "2018-04", "2018-05", "2018-06", "2018-07", "2018-08", "2018-09", "2018-10", "2018-11", "2018-12", "2019-01", "2019-02", "2019-03"], "site": [46, 78, 115, 165, 118, 63, 73]}, "presence_by_category": [["Adult", 89.36170212765957], ["Entertainment", 6.382978723404255], ["E-Commerce", 2.127659574468085], ["Recreation", 2.127659574468085]]}