{"id": "rtl_group", "name": "RTL Group", "category": "misc", "website_url": null, "ghostery_id": "c_2991", "company_id": null, "company_name": null, "iab_vendor": null, "truste_type": null, "description": null, "truste_privacy_url": null, "privacy_url": null, "date_range": ["2017-05", "2019-03"], "domains": ["rtl.de", "static-fra.de", "technical-service.net"], "overview": {"reach": 0.0005647310073724831, "site_reach_top10k": 30, "site_avg_frequency": 0.38585672421194256, "cookies": 0.7535169162384617, "bad_qs": 0.003954922702579521, "tracked": 0.7537876838708255, "https": 0.9842219657485071, "requests": 4.043518852043254, "requests_tracking": 1.9553956270414776, "content_length": 14818.053785968601, "requests_failed": 1.0734797193818166, "has_blocking": 0.0, "script": 0.7614990480251116, "iframe": 0.015749854814640564, "beacon": 0.0, "image": 0.9240306886319251, "stylesheet": 0.011939504875042575, "font": 0.0005513368079804165, "xhr": 0.10351654868058976, "plugin": 0.00015682469204776292, "media": 0.000107816975782837, "referer_leaked": 0.8774745833731521, "referer_leaked_header": 0.8773238846456375, "referer_leaked_url": 0.0, "hosts": 1.5084121744968746, "reach_rank": 711, "site_reach_rank": 689}, "reach_time_series": {"page": [0.0048052283777729465, 0.004978708008700175, 0.004784099326047098, 0.004434332319056979, 0.004144446609029926, 0.0035827371510378588, 0.004118227476963312, 0.00450518805342879, 0.003532884509870261, 0.0019460723979687487, 0.0010683372260933601, 0.0009725792191797478, 0.0012785913861533393, 0.0009938630430499126, 0.0007845881700960904, 0.0006057969968197985, 0.0003672724306707872, 0.0006392606347222426, 0.0009421909133887319, 0.0011511151721022193, 0.0007500973423762996, 0.0005393447930014625, 0.0005647310073724831], "ts": ["2017-05", "2017-06", "2017-07", "2017-08", "2017-09", "2017-10", "2017-11", "2017-12", "2018-01", "2018-02", "2018-03", "2018-04", "2018-05", "2018-06", "2018-07", "2018-08", "2018-09", "2018-10", "2018-11", "2018-12", "2019-01", "2019-02", "2019-03"], "site": [21, 34, 35, 38, 32, 31, 30]}, "presence_by_category": [["News and Portals", 40.476190476190474], ["Reference", 23.80952380952381], ["Entertainment", 19.047619047619047], ["E-Commerce", 7.142857142857143], ["Recreation", 7.142857142857143], ["Business", 2.380952380952381]]}