{"id": "s3xified.com", "name": "s3xified.com", "category": "unknown", "website_url": null, "ghostery_id": "s3xified.com", "company_id": null, "company_name": null, "iab_vendor": null, "truste_type": null, "description": null, "truste_privacy_url": null, "privacy_url": null, "date_range": ["2017-09", "2019-03"], "domains": ["s3xified.com"], "overview": {"reach": 0.00042657914286037165, "site_reach_top10k": 127, "site_avg_frequency": 0.03073421808007466, "cookies": 0.6949405461867973, "bad_qs": 0.013514368342770575, "tracked": 0.6950151574378496, "https": 0.925203842803826, "requests": 2.2779690817463574, "requests_tracking": 1.3321919974567296, "content_length": 105.74407529897215, "requests_failed": 0.5459726955260823, "has_blocking": 0.0, "script": 0.001148364472717423, "iframe": 0.01435779987640484, "beacon": 0.0, "image": 0.9881205912455051, "stylesheet": 0.0, "font": 0.0, "xhr": 0.0004833511481211752, "plugin": 0.0, "media": 0.0, "referer_leaked": 0.4695075170835435, "referer_leaked_header": 0.4695075170835435, "referer_leaked_url": 0.0, "hosts": 1.0, "reach_rank": 770, "site_reach_rank": 280}, "reach_time_series": {"page": [0.0018808713360921841, 0.0018940288210732984, 0.0019595888345507345, 0.0013798338064348475, 0.0003759373453234922, 0.0002437547044379287, 0.00023702207592815638, 0.00030508702177505263, 0.0003786726966801119, 0.0003121596834487028, 6.926237725386218e-05, 6.309048154172425e-05, 4.540397676383426e-05, 0.00013104001984783723, 0.00021209185963742334, 0.0002645063407164487, 0.0003936396817431026, 0.0004777266893920678, 0.00042657914286037165], "ts": ["2017-09", "2017-10", "2017-11", "2017-12", "2018-01", "2018-02", "2018-03", "2018-04", "2018-05", "2018-06", "2018-07", "2018-08", "2018-09", "2018-10", "2018-11", "2018-12", "2019-01", "2019-02", "2019-03"], "site": [18, 30, 47, 61, 112, 136, 127]}, "presence_by_category": [["Entertainment", 34.92063492063492], ["News and Portals", 33.333333333333336], ["Business", 14.285714285714286], ["Reference", 14.285714285714286], ["E-Commerce", 3.1746031746031744]]}