{"id": "scribblelive", "name": "ScribbleLive", "category": "misc", "website_url": null, "ghostery_id": "c_3436", "company_id": null, "company_name": null, "iab_vendor": null, "truste_type": null, "description": null, "truste_privacy_url": null, "privacy_url": null, "date_range": ["2017-05", "2019-03"], "domains": ["scribblelive.com"], "overview": {"reach": 0.0001971076567049305, "site_reach_top10k": 23, "site_avg_frequency": 0.1440065399736002, "cookies": 0.4328464565408931, "bad_qs": 0.00043878586196849866, "tracked": 0.4330325017463677, "https": 0.7915696949911716, "requests": 56.087441246573086, "requests_tracking": 17.187593241995668, "content_length": 1016373.5709586944, "requests_failed": 4.458313587969545, "has_blocking": 0.0, "script": 0.8583774751910473, "iframe": 0.18263671689887215, "beacon": 0.0, "image": 0.49442741955300007, "stylesheet": 0.013841061229934323, "font": 0.0007231191005240858, "xhr": 0.1693713427198405, "plugin": 0.0012777444300522682, "media": 0.01637548836866437, "referer_leaked": 0.9384646707175377, "referer_leaked_header": 0.933153606644271, "referer_leaked_url": 0.0, "hosts": 1.0, "reach_rank": 919, "site_reach_rank": 757}, "reach_time_series": {"page": [0.0014131987802294091, 0.0015914984766404172, 0.001524892691187643, 0.0013646510935952738, 0.0011557351998263369, 0.0009558140405128399, 0.0007425850488361286, 0.0007822613699967978, 0.0006863687925383762, 0.0004843569579515065, 0.0003389935810736035, 0.00031901271513136697, 0.00048012342135129375, 0.00043145629604711015, 0.0004261106698646814, 0.00029932007262342924, 0.00019748546128625383, 0.00021376854399191708, 0.00025495232036204513, 0.00028413059519642405, 0.0002199067127048601, 0.00019257195518288968, 0.0001971076567049305], "ts": ["2017-05", "2017-06", "2017-07", "2017-08", "2017-09", "2017-10", "2017-11", "2017-12", "2018-01", "2018-02", "2018-03", "2018-04", "2018-05", "2018-06", "2018-07", "2018-08", "2018-09", "2018-10", "2018-11", "2018-12", "2019-01", "2019-02", "2019-03"], "site": [26, 32, 29, 30, 25, 29, 23]}, "presence_by_category": [["News and Portals", 73.6842105263158], ["Entertainment", 21.05263157894737], ["Reference", 5.2631578947368425]]}