{"id": "sitelabweb.com", "name": "sitelabweb.com", "category": "unknown", "website_url": null, "ghostery_id": null, "company_id": null, "company_name": null, "iab_vendor": null, "truste_type": null, "description": null, "truste_privacy_url": null, "privacy_url": null, "date_range": ["2018-12", "2019-03"], "domains": ["sitelabweb.com"], "overview": {"reach": 0.0007603822052640876, "site_reach_top10k": 26, "site_avg_frequency": 0.5428068604302381, "cookies": 0.00034577831969935486, "bad_qs": 0.0001838084752086044, "tracked": 0.00034759820559250934, "https": 0.9988361829713277, "requests": 3.318160641327789, "requests_tracking": 0.0023130749701993684, "content_length": 164.41196574974748, "requests_failed": 1.0407308661746908, "has_blocking": 0.0, "script": 0.2211980308834636, "iframe": 0.0, "beacon": 0.0, "image": 0.9996806100257514, "stylesheet": 0.0, "font": 0.0, "xhr": 0.03262054469184782, "plugin": 0.0, "media": 0.0, "referer_leaked": 0.846757418309872, "referer_leaked_header": 0.846757418309872, "referer_leaked_url": 0.0, "hosts": 1.0, "reach_rank": 633, "site_reach_rank": 727}, "reach_time_series": {"page": [0.0010552851506198532, 0.0010731880993077325, 0.0008098483884851646, 0.0007603822052640876], "ts": ["2018-12", "2019-01", "2019-02", "2019-03"], "site": [30, 36, 27, 26]}, "presence_by_category": [["Business", 50.0], ["E-Commerce", 50.0]]}