{"id": "sixt-neuwagen.de", "name": "sixt-neuwagen.de", "category": "misc", "website_url": null, "ghostery_id": "sixt-neuwagen.de", "company_id": null, "company_name": null, "iab_vendor": null, "truste_type": null, "description": null, "truste_privacy_url": null, "privacy_url": null, "date_range": ["2017-08", "2019-03"], "domains": ["sixt-neuwagen.de"], "overview": {"reach": 1.1771369972026463e-05, "site_reach_top10k": 1, "site_avg_frequency": 0.017801462667951698, "cookies": 0.9550343854699348, "bad_qs": 5.8778581085052606e-05, "tracked": 0.9550343854699348, "https": 0.998824428378299, "requests": 1.277258566978193, "requests_tracking": 1.0722388761535298, "content_length": 62.68294833362722, "requests_failed": 0.19920061129724329, "has_blocking": 0.0, "script": 0.0, "iframe": 5.8778581085052606e-05, "beacon": 0.0, "image": 0.9992358784458943, "stylesheet": 0.0019984717568917888, "font": 0.0, "xhr": 0.0, "plugin": 0.0, "media": 0.0, "referer_leaked": 0.11097396108857932, "referer_leaked_header": 0.11097396108857932, "referer_leaked_url": 0.0, "hosts": 1.0, "reach_rank": 1125, "site_reach_rank": 1122}, "reach_time_series": {"page": [0.0006616858206607877, 0.0007995090733187545, 0.0012682450921925996, 0.0008329755079538357, 0.0008108875182789221, 0.0005296419574563662, 0.00048650503685023546, 0.00018522733195767125, 5.725951935624762e-05, 0.00010146684800834785, 0.00011204567750424456, 8.273977866395013e-05, 5.3580106282615675e-05, 3.533512643604428e-05, 6.61683015869036e-05, 8.561256635190603e-05, 0.0001168228339428004, 6.1629765738865e-05, 1.1265219307665503e-05, 1.1771369972026463e-05], "ts": ["2017-08", "2017-09", "2017-10", "2017-11", "2017-12", "2018-01", "2018-02", "2018-03", "2018-04", "2018-05", "2018-06", "2018-07", "2018-08", "2018-09", "2018-10", "2018-11", "2018-12", "2019-01", "2019-02", "2019-03"], "site": [7, 26, 28, 20, 13, 1, 1]}, "presence_by_category": [["News and Portals", 100.0]]}