{"id": "spotscenered.info", "name": "spotscenered.info", "category": "unknown", "website_url": null, "ghostery_id": "spotscenered.info", "company_id": null, "company_name": null, "iab_vendor": null, "truste_type": null, "description": null, "truste_privacy_url": null, "privacy_url": null, "date_range": ["2017-10", "2019-03"], "domains": ["spotscenered.info"], "overview": {"reach": 0.0003046814970858636, "site_reach_top10k": 98, "site_avg_frequency": 0.07684050374821434, "cookies": 0.4446533682145193, "bad_qs": 0.004698513916139816, "tracked": 0.44550268875808446, "https": 0.9440175132621176, "requests": 1.811559843034663, "requests_tracking": 1.023537987791585, "content_length": 1248.3143235411671, "requests_failed": 0.77647200421481, "has_blocking": 0.0, "script": 0.25087884238064095, "iframe": 0.008770256522055084, "beacon": 0.0, "image": 0.07348212339219533, "stylesheet": 1.1354552721459196e-05, "font": 0.0, "xhr": 0.8401460649662088, "plugin": 0.0, "media": 0.0, "referer_leaked": 0.4356264988009592, "referer_leaked_header": 0.3098044291839256, "referer_leaked_url": 0.0, "hosts": 1.0, "reach_rank": 834, "site_reach_rank": 346}, "reach_time_series": {"page": [0.0011123893790561939, 0.000871576288450408, 0.0009295924799859438, 0.0008694172025787781, 0.000787857283867326, 0.0007401072273306897, 0.0004186767036888212, 0.0006588747988418865, 0.0006974881270107249, 0.0005813258952847305, 0.0004592741006033972, 0.0003783167826017631, 0.0003891652300936419, 0.00043242111456355065, 0.0005419861156820448, 0.0003934761064319218, 0.00036696289032800634, 0.0003046814970858636], "ts": ["2017-10", "2017-11", "2017-12", "2018-01", "2018-02", "2018-03", "2018-04", "2018-05", "2018-06", "2018-07", "2018-08", "2018-09", "2018-10", "2018-11", "2018-12", "2019-01", "2019-02", "2019-03"], "site": [91, 107, 110, 146, 138, 122, 98]}, "presence_by_category": [["Entertainment", 68.42105263157895], ["Adult", 21.05263157894737], ["Business", 10.526315789473685]]}