{"id": "srvtrck.com", "name": "srvtrck.com", "category": "extensions", "website_url": null, "ghostery_id": "srvtrck.com", "company_id": null, "company_name": null, "iab_vendor": null, "truste_type": null, "description": null, "truste_privacy_url": null, "privacy_url": null, "date_range": ["2017-05", "2019-03"], "domains": ["srvtrck.com"], "overview": {"reach": 9.576995090096062e-05, "site_reach_top10k": 8, "site_avg_frequency": 0.40307020288640183, "cookies": 0.6167106166239208, "bad_qs": 0.0003540078748690532, "tracked": 0.6167756384784886, "https": 0.7423545136004046, "requests": 4.65292056496767, "requests_tracking": 3.170053823646281, "content_length": 12180.856684607883, "requests_failed": 1.1288877650543654, "has_blocking": 0.0, "script": 0.9685294223891919, "iframe": 0.5970595672434346, "beacon": 0.0, "image": 0.6077014774410288, "stylesheet": 0.0, "font": 0.0, "xhr": 0.01800382906476899, "plugin": 0.0, "media": 0.0, "referer_leaked": 0.6234728894989705, "referer_leaked_header": 0.5777336271357874, "referer_leaked_url": 0.0, "hosts": 1.0, "reach_rank": 1020, "site_reach_rank": 981}, "reach_time_series": {"page": [0.0019502734499412093, 0.0017136460789238049, 0.0015819052738296551, 0.0014213590489056628, 0.0012595406227234919, 0.0015611578828347828, 0.0009974432140424131, 0.0005616274641175878, 0.0003832471510032363, 0.0001989585509714623, 0.0001176083303566952, 0.0001249178669935157, 0.00013139982345698227, 0.0001421963279966391, 0.00010474865695800145, 5.568223084776172e-05, 4.730267425421752e-05, 5.408855036850387e-05, 6.578117564808665e-05, 5.139213882275646e-05, 4.9549790502642053e-05, 5.3225688140308624e-05, 9.576995090096062e-05], "ts": ["2017-05", "2017-06", "2017-07", "2017-08", "2017-09", "2017-10", "2017-11", "2017-12", "2018-01", "2018-02", "2018-03", "2018-04", "2018-05", "2018-06", "2018-07", "2018-08", "2018-09", "2018-10", "2018-11", "2018-12", "2019-01", "2019-02", "2019-03"], "site": [5, 4, 6, 6, 3, 5, 8]}, "presence_by_category": [["Entertainment", 33.333333333333336], ["News and Portals", 33.333333333333336], ["Reference", 33.333333333333336]]}