{"id": "srvvtrk.com", "name": "srvvtrk.com", "category": "unknown", "website_url": null, "ghostery_id": null, "company_id": null, "company_name": null, "iab_vendor": null, "truste_type": null, "description": null, "truste_privacy_url": null, "privacy_url": null, "date_range": ["2018-12", "2019-03"], "domains": ["srvvtrk.com"], "overview": {"reach": 0.001933072332731225, "site_reach_top10k": 436, "site_avg_frequency": 0.021977890579626295, "cookies": 0.4077161816179363, "bad_qs": 0.16095356825705667, "tracked": 0.5104173713411956, "https": 0.8335983804387004, "requests": 2.4641130514492047, "requests_tracking": 1.2172273101960276, "content_length": 24.298249758486786, "requests_failed": 0.656818582862387, "has_blocking": 0.0, "script": 0.9997251098218476, "iframe": 0.0, "beacon": 0.0, "image": 0.0017581517644334344, "stylesheet": 0.0, "font": 0.0, "xhr": 0.0007462838820935894, "plugin": 0.0, "media": 0.0, "referer_leaked": 0.7898425215733311, "referer_leaked_header": 0.7898425215733311, "referer_leaked_url": 0.0, "hosts": 1.0, "reach_rank": 324, "site_reach_rank": 103}, "reach_time_series": {"page": [0.0011331350449698089, 0.0031330464870936983, 0.002534733054941484, 0.001933072332731225], "ts": ["2018-12", "2019-01", "2019-02", "2019-03"], "site": [279, 842, 616, 436]}, "presence_by_category": [["Entertainment", 39.473684210526315], ["Adult", 28.42105263157895], ["Business", 8.947368421052632], ["E-Commerce", 8.421052631578947], ["News and Portals", 8.421052631578947], ["Reference", 4.7368421052631575], ["Banking", 1.0526315789473684], ["Recreation", 0.5263157894736842]]}