{"id": "statsy.net", "name": "statsy.net", "category": "unknown", "website_url": null, "ghostery_id": null, "company_id": null, "company_name": null, "iab_vendor": null, "truste_type": null, "description": null, "truste_privacy_url": null, "privacy_url": null, "date_range": ["2018-05", "2019-03"], "domains": ["statsy.net"], "overview": {"reach": 0.0015874764513183267, "site_reach_top10k": 26, "site_avg_frequency": 0.9186099767934011, "cookies": 0.5803043814435236, "bad_qs": 0.0064584515581264995, "tracked": 0.584917436598822, "https": 0.8965745537531632, "requests": 1.07268787172708, "requests_tracking": 0.5869585304472973, "content_length": 1.9579311511106812, "requests_failed": 0.4944655541986037, "has_blocking": 0.0, "script": 0.0, "iframe": 0.0, "beacon": 0.0, "image": 0.0, "stylesheet": 0.0, "font": 0.0, "xhr": 0.9999773357078537, "plugin": 0.0, "media": 0.0, "referer_leaked": 0.5907085990939513, "referer_leaked_header": 0.588738113232547, "referer_leaked_url": 0.0, "hosts": 1.0, "reach_rank": 386, "site_reach_rank": 727}, "reach_time_series": {"page": [0.0016172593961018037, 0.0013820831369484958, 0.0012311465292426476, 0.0010608748716691063, 0.0015067707604812784, 0.0014784178736824921, 0.0013690786943149128, 0.00168094217649634, 0.0016670599505003644, 0.0016177247402927827, 0.0015874764513183267], "ts": ["2018-05", "2018-06", "2018-07", "2018-08", "2018-09", "2018-10", "2018-11", "2018-12", "2019-01", "2019-02", "2019-03"], "site": [24, 24, 23, 25, 23, 25, 26]}, "presence_by_category": [["Entertainment", 94.11764705882354], ["Adult", 5.882352941176471]]}