{"id": "stripst.com", "name": "stripst.com", "category": "pornvertising", "website_url": null, "ghostery_id": null, "company_id": null, "company_name": null, "iab_vendor": null, "truste_type": null, "description": null, "truste_privacy_url": null, "privacy_url": null, "date_range": ["2019-01", "2019-03"], "domains": ["stripst.com"], "overview": {"reach": 0.0035435490709248884, "site_reach_top10k": 18, "site_avg_frequency": 0.26353010123018694, "cookies": 0.9746741299278348, "bad_qs": 0.0, "tracked": 0.9746741299278348, "https": 0.9998424272221715, "requests": 55.88529385175233, "requests_tracking": 36.86376378688585, "content_length": 625861.0132046769, "requests_failed": 11.890027869098612, "has_blocking": 0.0, "script": 0.032024372818363886, "iframe": 0.0, "beacon": 0.0, "image": 0.9991420386793332, "stylesheet": 0.03134819620173455, "font": 0.0, "xhr": 1.2691735512823242e-05, "plugin": 5.6624666134134464e-06, "media": 6.365393503354425e-05, "referer_leaked": 0.7495574977599087, "referer_leaked_header": 0.7494690461262578, "referer_leaked_url": 0.0, "hosts": 1.0, "reach_rank": 200, "site_reach_rank": 813}, "reach_time_series": {"page": [0.0037226666100851876, 0.00344158280708036, 0.0035435490709248884], "ts": ["2019-01", "2019-02", "2019-03"], "site": [25, 17, 18]}, "presence_by_category": [["Adult", 100.0]]}