{"id": "stripchat.com", "name": "stripchat.com", "category": "pornvertising", "website_url": null, "ghostery_id": "stripchat.com", "company_id": null, "company_name": null, "iab_vendor": null, "truste_type": null, "description": null, "truste_privacy_url": null, "privacy_url": null, "date_range": ["2017-05", "2019-03"], "domains": ["stripcdn.com", "stripchat.com"], "overview": {"reach": 0.001409151924022119, "site_reach_top10k": 14, "site_avg_frequency": 0.2252170390514474, "cookies": 0.02314806631353394, "bad_qs": 2.8969453429885083e-05, "tracked": 0.023177035766963824, "https": 0.998223043187072, "requests": 27.54558760853725, "requests_tracking": 0.03731412904074775, "content_length": 379162.74011699733, "requests_failed": 7.96661196841053, "has_blocking": 0.0, "script": 0.005313194162115026, "iframe": 0.036676801065290275, "beacon": 0.0, "image": 0.9541109127440063, "stylesheet": 0.000530779307757725, "font": 0.0, "xhr": 0.0186469988628262, "plugin": 1.3748215187064109e-05, "media": 0.0032519438994259137, "referer_leaked": 0.5377663471188651, "referer_leaked_header": 0.5372105264191596, "referer_leaked_url": 0.0, "hosts": 1.0321452911380968, "reach_rank": 417, "site_reach_rank": 870}, "reach_time_series": {"page": [0.0051566161933322115, 0.005351085493399068, 0.005581651979197357, 0.005714832417897877, 0.0047239547884369085, 0.005045432603192137, 0.005874628576302093, 0.007505498600679029, 0.005525418322453558, 0.0041952735622600235, 0.003293832594128354, 0.003716697195402298, 0.005102307975636068, 0.004708489381209535, 0.004841658477388162, 0.0048062082788281986, 0.0040229633809669985, 0.004009483691033014, 0.004133775858119277, 0.004200859935574421, 0.00157035496446402, 0.0013970737816338791, 0.001409151924022119], "ts": ["2017-05", "2017-06", "2017-07", "2017-08", "2017-09", "2017-10", "2017-11", "2017-12", "2018-01", "2018-02", "2018-03", "2018-04", "2018-05", "2018-06", "2018-07", "2018-08", "2018-09", "2018-10", "2018-11", "2018-12", "2019-01", "2019-02", "2019-03"], "site": [31, 35, 33, 49, 19, 15, 14]}, "presence_by_category": [["Adult", 100.0]]}