{"id": "t-mobile", "name": "Deutsche Telekom", "category": "misc", "website_url": null, "ghostery_id": "c_923", "company_id": null, "company_name": null, "iab_vendor": null, "truste_type": null, "description": null, "truste_privacy_url": null, "privacy_url": null, "date_range": ["2017-05", "2019-03"], "domains": ["sdp-campaign.de", "t-online.de", "telekom-dienste.de", "telekom.com", "telekom.de", "toi.de"], "overview": {"reach": 0.0009916920814751142, "site_reach_top10k": 5, "site_avg_frequency": 0.542823977925396, "cookies": 0.4712864696964094, "bad_qs": 6.279307797016492e-05, "tracked": 0.4712871673972758, "https": 0.9729703707373093, "requests": 4.923561288486052, "requests_tracking": 1.6397177381375154, "content_length": 103237.45597542418, "requests_failed": 0.7871335587837399, "has_blocking": 0.0, "script": 0.12879557992547158, "iframe": 0.7394896597243105, "beacon": 0.002001006084649255, "image": 0.8722649253913578, "stylesheet": 0.022530156375695172, "font": 0.0011267868991312927, "xhr": 0.004816926781177984, "plugin": 0.0006718859342807646, "media": 8.372410396021988e-05, "referer_leaked": 0.9244557409966936, "referer_leaked_header": 0.9150116620699807, "referer_leaked_url": 0.0, "hosts": 1.7098590016319224, "reach_rank": 554, "site_reach_rank": 1037}, "reach_time_series": {"page": [0.019720034885190998, 0.016668437649897717, 0.015519193014494153, 0.01478303355751933, 0.014265761014548723, 0.013619908202058089, 0.011958598116959243, 0.011618155846249912, 0.009284258442226866, 0.0051464603154731375, 0.002816205175433575, 0.0027661176400006096, 0.0036132506077866614, 0.0028899620438179448, 0.0025809466623919887, 0.0021703312862464547, 0.0013340572862871871, 0.0017139755254979006, 0.0024188036141924584, 0.0028201335549724337, 0.0016196624667237853, 0.0010486570437464216, 0.0009916920814751142], "ts": ["2017-05", "2017-06", "2017-07", "2017-08", "2017-09", "2017-10", "2017-11", "2017-12", "2018-01", "2018-02", "2018-03", "2018-04", "2018-05", "2018-06", "2018-07", "2018-08", "2018-09", "2018-10", "2018-11", "2018-12", "2019-01", "2019-02", "2019-03"], "site": [19, 19, 17, 18, 8, 9, 5]}, "presence_by_category": [["Business", 60.0], ["News and Portals", 20.0], ["E-Commerce", 10.0], ["Reference", 10.0]]}