{"id": "toplist.cz", "name": "toplist.cz", "category": "unknown", "website_url": null, "ghostery_id": "toplist.cz", "company_id": null, "company_name": null, "iab_vendor": null, "truste_type": null, "description": null, "truste_privacy_url": null, "privacy_url": null, "date_range": ["2018-02", "2019-03"], "domains": ["toplist.cz"], "overview": {"reach": 0.0007918396399186566, "site_reach_top10k": 20, "site_avg_frequency": 0.6884552408133617, "cookies": 0.6656996683953217, "bad_qs": 1.0485523424222433e-05, "tracked": 0.6657066587442712, "https": 0.818811029023055, "requests": 1.5227112068400563, "requests_tracking": 0.7576725633172701, "content_length": 8.779604783146269, "requests_failed": 0.7551158431889972, "has_blocking": 0.0, "script": 0.00037485746241595197, "iframe": 0.000254273943037394, "beacon": 0.0, "image": 0.9996347542673896, "stylesheet": 6.116555330796419e-06, "font": 0.0, "xhr": 0.00017825389821178136, "plugin": 0.0, "media": 0.0, "referer_leaked": 0.6377487581208194, "referer_leaked_header": 0.627749063948586, "referer_leaked_url": 0.0, "hosts": 1.0, "reach_rank": 619, "site_reach_rank": 786}, "reach_time_series": {"page": [0.0007620687258452882, 0.0007692309176501057, 0.0007420430303221096, 0.0010214994005961302, 0.0009143413758972631, 0.0008820815088232346, 0.0007254977463900805, 0.0007583308856873536, 0.0007373153745128748, 0.000717159047238156, 0.0008193172689665053, 0.0007832108888291674, 0.0007964792344513727, 0.0007918396399186566], "ts": ["2018-02", "2018-03", "2018-04", "2018-05", "2018-06", "2018-07", "2018-08", "2018-09", "2018-10", "2018-11", "2018-12", "2019-01", "2019-02", "2019-03"], "site": [21, 18, 16, 18, 18, 19, 20]}, "presence_by_category": [["Adult", 44.44444444444444], ["Entertainment", 33.333333333333336], ["News and Portals", 22.22222222222222]]}