{"id": "traffic_stars", "name": "Traffic Stars", "category": "pornvertising", "website_url": null, "ghostery_id": "2817", "company_id": "traffic_stars", "company_name": "Traffic Stars", "iab_vendor": null, "truste_type": null, "description": null, "truste_privacy_url": null, "privacy_url": "", "date_range": ["2017-05", "2019-03"], "domains": ["trafficstars.com", "tsyndicate.com"], "overview": {"reach": 0.005853801338233243, "site_reach_top10k": 117, "site_avg_frequency": 0.28834028433361863, "cookies": 0.07514107752819334, "bad_qs": 0.00022292040146002225, "tracked": 0.07516849933791696, "https": 0.948648878973961, "requests": 4.717526283272732, "requests_tracking": 0.7077240500736429, "content_length": 30243.534401664976, "requests_failed": 3.9990713225905243, "has_blocking": 0.0, "script": 0.8523294177274199, "iframe": 0.14946481965018518, "beacon": 0.0, "image": 0.20392039685032148, "stylesheet": 0.035653907921108875, "font": 8.273821899364559e-07, "xhr": 0.21879672862537897, "plugin": 1.347450995039371e-05, "media": 0.004547292515890761, "referer_leaked": 0.05010236490651349, "referer_leaked_header": 0.050018444712962795, "referer_leaked_url": 0.0, "hosts": 1.016332760824257, "reach_rank": 130, "site_reach_rank": 292}, "reach_time_series": {"page": [0.012121216514852063, 0.009761446046744662, 0.010994897092516442, 0.012651257596978481, 0.010408260737282628, 0.011722912504307022, 0.015892288343942806, 0.016773217289114194, 0.01230647093384399, 0.008964641529870617, 0.007113807283585223, 0.007526356456201516, 0.009810752383758814, 0.008494008619812088, 0.008878611471496371, 0.006614728089665979, 0.005319635156751391, 0.005307255968894555, 0.005582640022440389, 0.006487101063916664, 0.00568000263422665, 0.0056115944342633, 0.005853801338233243], "ts": ["2017-05", "2017-06", "2017-07", "2017-08", "2017-09", "2017-10", "2017-11", "2017-12", "2018-01", "2018-02", "2018-03", "2018-04", "2018-05", "2018-06", "2018-07", "2018-08", "2018-09", "2018-10", "2018-11", "2018-12", "2019-01", "2019-02", "2019-03"], "site": [72, 87, 111, 127, 115, 105, 117]}, "presence_by_category": [["Adult", 96.49122807017544], ["Entertainment", 1.7543859649122806], ["News and Portals", 1.7543859649122806]]}