{"id": "tremor_video", "name": "Tremor Video", "category": "audio_video_player", "website_url": null, "ghostery_id": "tremorhub.com", "company_id": null, "company_name": null, "iab_vendor": null, "truste_type": null, "description": null, "truste_privacy_url": null, "privacy_url": null, "date_range": ["2017-05", "2019-03"], "domains": ["tremorhub.com", "tremorvideo.com", "videohub.tv"], "overview": {"reach": 0.0014506910980443715, "site_reach_top10k": 346, "site_avg_frequency": 0.052221657681781455, "cookies": 0.6063866217953854, "bad_qs": 0.1487024148838345, "tracked": 0.614735599027789, "https": 0.885266785712923, "requests": 8.600801559048088, "requests_tracking": 5.660224528107508, "content_length": 1350.9505323695166, "requests_failed": 3.529808305002614, "has_blocking": 0.0, "script": 0.02928080035713877, "iframe": 0.041686221540504345, "beacon": 0.0, "image": 0.55523679521373, "stylesheet": 1.71701331257655e-05, "font": 0.0, "xhr": 0.5590566728860704, "plugin": 0.000148807820423301, "media": 6.200325850970875e-06, "referer_leaked": 0.3902737873116532, "referer_leaked_header": 0.35214369112075183, "referer_leaked_url": 0.0, "hosts": 1.0380442455252725, "reach_rank": 412, "site_reach_rank": 129}, "reach_time_series": {"page": [0.001368692499868727, 0.00181353078917148, 0.0015412862799014573, 0.0013905841093377962, 0.0018667835738716706, 0.0027875763263744127, 0.0032849299977171045, 0.0030116642708018864, 0.0008199322233562472, 0.0003370219679732815, 0.00032501057132626324, 0.0003453806490359336, 0.0004395060478073393, 0.00029903821067037704, 0.00022678375739729087, 0.0002054091286278334, 0.00019905986333750827, 0.00035899588872700873, 0.0004430350983205244, 0.0005188847331204961, 0.0010903585874234836, 0.0015858874466886384, 0.0014506910980443715], "ts": ["2017-05", "2017-06", "2017-07", "2017-08", "2017-09", "2017-10", "2017-11", "2017-12", "2018-01", "2018-02", "2018-03", "2018-04", "2018-05", "2018-06", "2018-07", "2018-08", "2018-09", "2018-10", "2018-11", "2018-12", "2019-01", "2019-02", "2019-03"], "site": [47, 84, 98, 127, 247, 374, 346]}, "presence_by_category": [["News and Portals", 26.991150442477878], ["Business", 23.451327433628318], ["E-Commerce", 23.008849557522122], ["Entertainment", 15.486725663716815], ["Reference", 6.1946902654867255], ["Recreation", 4.867256637168142]]}