{"id": "tripadvisor", "name": "TripAdvisor", "category": "misc", "website_url": null, "ghostery_id": "c_1402", "company_id": "iac_apps", "company_name": "IAC (InterActiveCorp)", "iab_vendor": null, "truste_type": null, "description": null, "truste_privacy_url": null, "privacy_url": null, "date_range": ["2017-05", "2019-03"], "domains": ["jscache.com", "tacdn.com", "tamgrt.com", "tripadvisor.co.uk", "tripadvisor.com", "tripadvisor.de"], "overview": {"reach": 0.001685701279116998, "site_reach_top10k": 65, "site_avg_frequency": 0.3556630225891482, "cookies": 0.7069265503191082, "bad_qs": 0.0014370027594885896, "tracked": 0.7071596887273885, "https": 0.972410039563752, "requests": 64.62192830911854, "requests_tracking": 6.430194543329882, "content_length": 334391.8339878037, "requests_failed": 17.607346486772474, "has_blocking": 0.0, "script": 0.6940349814330706, "iframe": 0.4587728792716559, "beacon": 0.001074160588855081, "image": 0.7318805691039891, "stylesheet": 0.4655236317381823, "font": 0.1546733784259135, "xhr": 0.005030946250514608, "plugin": 4.597095374542189e-05, "media": 0.00021630975556997622, "referer_leaked": 0.7797560337902928, "referer_leaked_header": 0.7757807776561463, "referer_leaked_url": 0.0, "hosts": 1.5503934005412259, "reach_rank": 370, "site_reach_rank": 451}, "reach_time_series": {"page": [0.0027160771382680636, 0.0033128847570970898, 0.0036616251362926165, 0.0036244672160395505, 0.0029833244317612143, 0.0026539532508105634, 0.002060807068982278, 0.0017682660728312854, 0.002667639857314685, 0.0017073801929894461, 0.0015331475749428545, 0.0015954417681711432, 0.0020891760388356156, 0.0017027330342070303, 0.0022566242205286106, 0.0020215351001059132, 0.0016926443528180808, 0.0016029474432777272, 0.0015089049277013616, 0.0014473305677459994, 0.0017602732800822557, 0.001728867344118314, 0.001685701279116998], "ts": ["2017-05", "2017-06", "2017-07", "2017-08", "2017-09", "2017-10", "2017-11", "2017-12", "2018-01", "2018-02", "2018-03", "2018-04", "2018-05", "2018-06", "2018-07", "2018-08", "2018-09", "2018-10", "2018-11", "2018-12", "2019-01", "2019-02", "2019-03"], "site": [64, 68, 71, 66, 68, 62, 65]}, "presence_by_category": [["Recreation", 71.875], ["Business", 25.0], ["News and Portals", 3.125]]}