{"id": "tubecup.org", "name": "tubecup.org", "category": "pornvertising", "website_url": null, "ghostery_id": "tubecup.org", "company_id": null, "company_name": null, "iab_vendor": null, "truste_type": null, "description": null, "truste_privacy_url": null, "privacy_url": null, "date_range": ["2017-06", "2019-03"], "domains": ["tubecup.org"], "overview": {"reach": 0.00029509446938161396, "site_reach_top10k": 10, "site_avg_frequency": 0.6014140665273179, "cookies": 0.8694172981692677, "bad_qs": 0.0, "tracked": 0.8694172981692677, "https": 0.9793925382653061, "requests": 1.7956346601140456, "requests_tracking": 1.4412280537214885, "content_length": 2155.006121980042, "requests_failed": 0.2675195078031212, "has_blocking": 0.0, "script": 8.909813925570229e-05, "iframe": 0.08558814150660264, "beacon": 0.0, "image": 0.014241634153661465, "stylesheet": 2.34468787515006e-06, "font": 0.0, "xhr": 0.9668039090636255, "plugin": 0.0, "media": 0.0, "referer_leaked": 0.9624427896158463, "referer_leaked_header": 0.9624427896158463, "referer_leaked_url": 0.0, "hosts": 1.0, "reach_rank": 841, "site_reach_rank": 943}, "reach_time_series": {"page": [0.0017062355817158666, 0.0015775711617856505, 0.0013974448691987927, 0.0012246232143924628, 0.0012011810542678861, 0.0013063329320537542, 0.0011719282901875292, 0.0007812289460733675, 0.0005523117241937291, 0.000477178132160418, 0.00047824935400467554, 0.0008418289928870769, 0.0007063632099869136, 0.0007470775270462879, 0.0007548686522099709, 0.0005855415682050792, 0.000506077998412957, 0.00039308339844792447, 0.00041920293306869347, 0.0003136624235817194, 0.000276419705516342, 0.00029509446938161396], "ts": ["2017-06", "2017-07", "2017-08", "2017-09", "2017-10", "2017-11", "2017-12", "2018-01", "2018-02", "2018-03", "2018-04", "2018-05", "2018-06", "2018-07", "2018-08", "2018-09", "2018-10", "2018-11", "2018-12", "2019-01", "2019-02", "2019-03"], "site": [11, 12, 10, 11, 10, 10, 10]}, "presence_by_category": [["Adult", 100.0]]}