{"id": "upravel.com", "name": "upravel.com", "category": "unknown", "website_url": null, "ghostery_id": "upravel.com", "company_id": null, "company_name": null, "iab_vendor": null, "truste_type": null, "description": null, "truste_privacy_url": null, "privacy_url": null, "date_range": ["2017-09", "2019-03"], "domains": ["upravel.com"], "overview": {"reach": 0.0003097455455679221, "site_reach_top10k": 35, "site_avg_frequency": 0.13147716218010105, "cookies": 0.7210786492759191, "bad_qs": 0.024120391984292035, "tracked": 0.724107659419529, "https": 0.9705341645985557, "requests": 5.670639822548256, "requests_tracking": 2.766328397416853, "content_length": 749.2080188352608, "requests_failed": 2.3866790567179916, "has_blocking": 0.0, "script": 0.0008175646847796708, "iframe": 0.0008734092670733642, "beacon": 0.0, "image": 0.8870197086699831, "stylesheet": 0.0, "font": 0.0, "xhr": 0.11414855999160098, "plugin": 0.0, "media": 0.00014742969725535046, "referer_leaked": 0.42238831641987085, "referer_leaked_header": 0.4194106832919711, "referer_leaked_url": 0.0, "hosts": 1.0, "reach_rank": 831, "site_reach_rank": 643}, "reach_time_series": {"page": [0.001001961480107639, 0.0009698025484233411, 0.00038395672858468767, 0.0009088452048859603, 0.0006935217354352932, 0.000974862066048294, 0.0009398192263930866, 0.000693789769911251, 0.0007849539210340967, 0.0009129712416650328, 0.0008298658904305339, 0.0006279468640571262, 0.0006963799956705512, 0.0005130865569317136, 0.0004548337644750551, 0.0004889777160769364, 0.0005612723985749038, 0.0004997303400694733, 0.0003097455455679221], "ts": ["2017-09", "2017-10", "2017-11", "2017-12", "2018-01", "2018-02", "2018-03", "2018-04", "2018-05", "2018-06", "2018-07", "2018-08", "2018-09", "2018-10", "2018-11", "2018-12", "2019-01", "2019-02", "2019-03"], "site": [87, 80, 80, 77, 75, 76, 35]}, "presence_by_category": [["Entertainment", 47.61904761904762], ["News and Portals", 38.095238095238095], ["Business", 9.523809523809524], ["E-Commerce", 4.761904761904762]]}