{"id": "usemessages.com", "name": "usemessages.com", "category": "unknown", "website_url": null, "ghostery_id": null, "company_id": null, "company_name": null, "iab_vendor": null, "truste_type": null, "description": null, "truste_privacy_url": null, "privacy_url": null, "date_range": ["2019-02", "2019-03"], "domains": ["usemessages.com"], "overview": {"reach": 0.0009475437358685138, "site_reach_top10k": 36, "site_avg_frequency": 0.21915894507081093, "cookies": 0.7504658729787831, "bad_qs": 0.00025338232545097674, "tracked": 0.7504658729787831, "https": 0.9999868562482475, "requests": 1.3717016485185531, "requests_tracking": 0.8276766520235536, "content_length": 52.84338489578465, "requests_failed": 0.33884445976259464, "has_blocking": 0.0, "script": 0.9995874322366576, "iframe": 0.0, "beacon": 0.0, "image": 0.00030814795775306104, "stylesheet": 0.0, "font": 0.0, "xhr": 0.002224214879895317, "plugin": 0.0, "media": 0.0, "referer_leaked": 0.9339234391064586, "referer_leaked_header": 0.9339234391064586, "referer_leaked_url": 0.0, "hosts": 1.0, "reach_rank": 573, "site_reach_rank": 636}, "reach_time_series": {"page": [0.000764978924276222, 0.0009475437358685138], "ts": ["2019-02", "2019-03"], "site": [38, 36]}, "presence_by_category": [["Business", 57.142857142857146], ["E-Commerce", 14.285714285714286], ["Entertainment", 14.285714285714286], ["News and Portals", 14.285714285714286]]}