{"id": "velocecdn.com", "name": "velocecdn.com", "category": "unknown", "website_url": null, "ghostery_id": null, "company_id": null, "company_name": null, "iab_vendor": null, "truste_type": null, "description": null, "truste_privacy_url": null, "privacy_url": null, "date_range": ["2018-03", "2019-03"], "domains": ["velocecdn.com"], "overview": {"reach": 0.00039481588645022536, "site_reach_top10k": 29, "site_avg_frequency": 0.3642730078312412, "cookies": 0.04765676752736488, "bad_qs": 0.0, "tracked": 0.04765676752736488, "https": 0.6175576826690874, "requests": 1.4239899618311247, "requests_tracking": 0.099784095250446, "content_length": 10.17383136296883, "requests_failed": 1.3132231144260123, "has_blocking": 0.0, "script": 0.9995759013848047, "iframe": 3.504947233019407e-06, "beacon": 0.0, "image": 0.0012425037941053798, "stylesheet": 0.0, "font": 0.0, "xhr": 0.001330127474930865, "plugin": 0.0, "media": 0.0, "referer_leaked": 0.04828064813484233, "referer_leaked_header": 0.04828064813484233, "referer_leaked_url": 0.0, "hosts": 1.0, "reach_rank": 787, "site_reach_rank": 700}, "reach_time_series": {"page": [0.0019408103304370155, 0.0023351276916598893, 0.0025715325423843974, 0.0019770549470139714, 0.0015663130806760747, 0.0012529972893050244, 0.0012562028433240756, 0.0010827522055627033, 0.0010198598471602713, 0.0010874524557306867, 0.0006079098106047933, 0.0004599622741662724, 0.00039481588645022536], "ts": ["2018-03", "2018-04", "2018-05", "2018-06", "2018-07", "2018-08", "2018-09", "2018-10", "2018-11", "2018-12", "2019-01", "2019-02", "2019-03"], "site": [66, 58, 56, 56, 39, 32, 29]}, "presence_by_category": [["Entertainment", 91.66666666666667], ["Business", 8.333333333333334]]}