{"id": "videoplayerhub.com", "name": "videoplayerhub.com", "category": "unknown", "website_url": null, "ghostery_id": null, "company_id": null, "company_name": null, "iab_vendor": null, "truste_type": null, "description": null, "truste_privacy_url": null, "privacy_url": null, "date_range": ["2018-07", "2019-03"], "domains": ["videoplayerhub.com"], "overview": {"reach": 0.0037137969978752743, "site_reach_top10k": 100, "site_avg_frequency": 0.5509423079935079, "cookies": 4.63903120633442e-05, "bad_qs": 2.2356776897997205e-06, "tracked": 4.63903120633442e-05, "https": 0.9923144853283652, "requests": 1.2326151839776431, "requests_tracking": 0.0007269678621332091, "content_length": 227.07944312994877, "requests_failed": 1.1423534233814625, "has_blocking": 0.0, "script": 0.9994198416394969, "iframe": 0.0, "beacon": 0.0, "image": 0.0, "stylesheet": 0.0, "font": 0.0, "xhr": 0.0002112715416860736, "plugin": 0.0, "media": 0.0, "referer_leaked": 0.08627834187238007, "referer_leaked_header": 0.08627834187238007, "referer_leaked_url": 0.0, "hosts": 1.0, "reach_rank": 193, "site_reach_rank": 338}, "reach_time_series": {"page": [0.0012002207352836186, 0.0011130562360336922, 0.0010110982582018737, 0.0012196568870567715, 0.0016386035713233293, 0.0023264340042344115, 0.0028090505314477612, 0.0033288662734922026, 0.0037137969978752743], "ts": ["2018-07", "2018-08", "2018-09", "2018-10", "2018-11", "2018-12", "2019-01", "2019-02", "2019-03"], "site": [39, 45, 74, 56, 68, 90, 100]}, "presence_by_category": [["Entertainment", 65.3061224489796], ["Business", 14.285714285714286], ["News and Portals", 8.16326530612245], ["Reference", 8.16326530612245], ["E-Commerce", 4.081632653061225]]}