{"id": "vodafone.de", "name": "vodafone.de", "category": "misc", "website_url": null, "ghostery_id": null, "company_id": null, "company_name": null, "iab_vendor": null, "truste_type": null, "description": null, "truste_privacy_url": null, "privacy_url": null, "date_range": ["2017-06", "2019-03"], "domains": ["vodafone.de"], "overview": {"reach": 0.0006620840355964318, "site_reach_top10k": 84, "site_avg_frequency": 0.09515358266215139, "cookies": 0.9036483397969068, "bad_qs": 0.002010657319827234, "tracked": 0.9037925553427157, "https": 0.9967457448576185, "requests": 2.1851330492914105, "requests_tracking": 1.5290505496388864, "content_length": 2138.5470419614985, "requests_failed": 0.5419348501046608, "has_blocking": 0.0, "script": 0.001952135069354092, "iframe": 0.00014735066636987524, "beacon": 1.0450401870203918e-06, "image": 0.9972233282230868, "stylesheet": 0.0008778337570971292, "font": 0.00010032385795395762, "xhr": 0.0011474541253483903, "plugin": 0.0, "media": 0.0009081399225207205, "referer_leaked": 0.8725824301573517, "referer_leaked_header": 0.8718195508208268, "referer_leaked_url": 0.0, "hosts": 1.0, "reach_rank": 664, "site_reach_rank": 394}, "reach_time_series": {"page": [0.0009615120127299782, 0.000630833809857547, 0.0015283081188919132, 0.0009357016575664293, 0.002875951376350503, 0.0043735745615394945, 0.0022684536001957322, 0.002473255496835309, 0.000682340164990573, 0.0005241961057993161, 0.0003452135407156579, 0.0003506154027884527, 0.0003133117251533309, 0.00019018974607040465, 0.00019659946155710684, 0.00017403157823700174, 0.00018557411429360492, 0.00035581646863697104, 0.0004360064718921119, 0.0006068262779044154, 0.0006518996710544703, 0.0006620840355964318], "ts": ["2017-06", "2017-07", "2017-08", "2017-09", "2017-10", "2017-11", "2017-12", "2018-01", "2018-02", "2018-03", "2018-04", "2018-05", "2018-06", "2018-07", "2018-08", "2018-09", "2018-10", "2018-11", "2018-12", "2019-01", "2019-02", "2019-03"], "site": [38, 48, 70, 71, 70, 70, 84]}, "presence_by_category": [["News and Portals", 50.57471264367816], ["Reference", 21.839080459770116], ["Entertainment", 20.689655172413794], ["Business", 3.4482758620689653], ["E-Commerce", 2.2988505747126435], ["Recreation", 1.1494252873563218]]}