{"id": "vtracy.de", "name": "vtracy.de", "category": "unknown", "website_url": null, "ghostery_id": "vtracy.de", "company_id": null, "company_name": null, "iab_vendor": null, "truste_type": null, "description": null, "truste_privacy_url": null, "privacy_url": null, "date_range": ["2017-05", "2019-03"], "domains": ["vtracy.de"], "overview": {"reach": 0.0004162932916874953, "site_reach_top10k": 17, "site_avg_frequency": 0.43668792319219046, "cookies": 0.21002122450607733, "bad_qs": 0.00248810380561876, "tracked": 0.21006776218580833, "https": 0.9972027530361681, "requests": 1.5145471800659174, "requests_tracking": 0.3492270590014676, "content_length": 505.2642442696327, "requests_failed": 0.507387025627303, "has_blocking": 0.0, "script": 0.966745503712211, "iframe": 0.0021606779875112813, "beacon": 0.0, "image": 0.06714389949190826, "stylesheet": 0.0, "font": 0.0, "xhr": 0.01217292736964048, "plugin": 1.9944719884719518e-05, "media": 0.0, "referer_leaked": 0.7480715948961462, "referer_leaked_header": 0.738659349170549, "referer_leaked_url": 0.0, "hosts": 1.0, "reach_rank": 774, "site_reach_rank": 823}, "reach_time_series": {"page": [0.0016081962743168684, 0.0018114897623981072, 0.001565526892526522, 0.0018033458054725754, 0.0015520861461925774, 0.0018952913217872424, 0.0015083639555857058, 0.001294833620473075, 0.0009381858465701906, 0.00038717670744927986, 0.00025823225925277366, 0.00022538221645334333, 0.00021269368944783315, 9.750788619372566e-05, 0.0002420523154956217, 0.0006226567846807153, 0.00035102365999895366, 0.0006275563419959191, 0.0009343267412130794, 0.0011728139375480487, 0.0005526877694618072, 0.0003966970534624178, 0.0004162932916874953], "ts": ["2017-05", "2017-06", "2017-07", "2017-08", "2017-09", "2017-10", "2017-11", "2017-12", "2018-01", "2018-02", "2018-03", "2018-04", "2018-05", "2018-06", "2018-07", "2018-08", "2018-09", "2018-10", "2018-11", "2018-12", "2019-01", "2019-02", "2019-03"], "site": [20, 51, 66, 97, 25, 23, 17]}, "presence_by_category": [["News and Portals", 40.0], ["Reference", 36.666666666666664], ["Entertainment", 23.333333333333332]]}