{"id": "walmart", "name": "Walmart", "category": "misc", "website_url": null, "ghostery_id": "c_793", "company_id": null, "company_name": null, "iab_vendor": null, "truste_type": null, "description": null, "truste_privacy_url": null, "privacy_url": null, "date_range": ["2017-09", "2019-03"], "domains": ["walmart.com"], "overview": {"reach": 0.000226175253477681, "site_reach_top10k": 39, "site_avg_frequency": 0.06332720746047307, "cookies": 0.9053957318714667, "bad_qs": 0.425078314285015, "tracked": 0.9096999583955361, "https": 0.9310161278480703, "requests": 3.323156555150388, "requests_tracking": 2.432796554171459, "content_length": 10634.64058943736, "requests_failed": 1.1751731479895255, "has_blocking": 0.0, "script": 0.04731284109542106, "iframe": 0.0005139374954112723, "beacon": 0.0, "image": 0.8646447712978146, "stylesheet": 0.028890629206333666, "font": 0.07701108636597244, "xhr": 0.0008106752159761141, "plugin": 3.0591517584004306e-06, "media": 0.0, "referer_leaked": 0.4520416778835564, "referer_leaked_header": 0.44863684197645676, "referer_leaked_url": 0.0, "hosts": 1.0, "reach_rank": 901, "site_reach_rank": 608}, "reach_time_series": {"page": [0.019622620355768398, 0.014156887630719955, 0.00634657886660572, 0.0054055816075991745, 0.000900611981323666, 0.0005051759064132416, 0.0009450921413638459, 0.0011975509941446944, 0.0014610269461863576, 0.0005821120483202726, 0.000111650926221375, 9.596225384479051e-05, 0.00011544394575826116, 8.196008576363047e-05, 9.769054786846236e-05, 6.592610072383001e-05, 0.00021733747341871984, 0.0002557084948637396, 0.000226175253477681], "ts": ["2017-09", "2017-10", "2017-11", "2017-12", "2018-01", "2018-02", "2018-03", "2018-04", "2018-05", "2018-06", "2018-07", "2018-08", "2018-09", "2018-10", "2018-11", "2018-12", "2019-01", "2019-02", "2019-03"], "site": [14, 8, 4, 4, 38, 34, 39]}, "presence_by_category": [["News and Portals", 47.05882352941177], ["Business", 17.647058823529413], ["Entertainment", 17.647058823529413], ["E-Commerce", 11.764705882352942], ["Reference", 5.882352941176471]]}