{"id": "woopic.com", "name": "woopic.com", "category": "misc", "website_url": null, "ghostery_id": "woopic.com", "company_id": null, "company_name": null, "iab_vendor": null, "truste_type": null, "description": null, "truste_privacy_url": null, "privacy_url": null, "date_range": ["2017-05", "2019-03"], "domains": ["woopic.com"], "overview": {"reach": 0.002204242822830951, "site_reach_top10k": 3, "site_avg_frequency": 0.667836230506377, "cookies": 0.6118554995633698, "bad_qs": 1.5694832193993148e-06, "tracked": 0.6118554995633698, "https": 0.9923644641376224, "requests": 42.58148568537135, "requests_tracking": 1.1171757337804895, "content_length": 371419.2829828468, "requests_failed": 11.929595493950897, "has_blocking": 0.0, "script": 0.986638047663322, "iframe": 0.002755384739977437, "beacon": 0.0858243647830566, "image": 0.9781637799684973, "stylesheet": 0.9804360777735437, "font": 0.4193043924812965, "xhr": 0.05454519201371603, "plugin": 0.3765274995432804, "media": 4.645670329421972e-05, "referer_leaked": 0.9561244688084044, "referer_leaked_header": 0.9550245749682493, "referer_leaked_url": 0.0, "hosts": 1.0, "reach_rank": 286, "site_reach_rank": 1075}, "reach_time_series": {"page": [0.0012801774542583895, 0.0013224283470860858, 0.0010965911767758993, 0.0009905427215577353, 0.0009595349517054207, 0.0008742312443777687, 0.0007749014267001109, 0.0010067774347137348, 0.0011590591023096402, 0.002571389776626036, 0.002547253435615572, 0.0023795902317529133, 0.0032614958225051466, 0.0028245881672205723, 0.0021494463275558134, 0.0016675143229902037, 0.0022724689062656148, 0.002196907759402664, 0.0022460446548885574, 0.002512440230745935, 0.0025261045995708543, 0.0022840366859237763, 0.002204242822830951], "ts": ["2017-05", "2017-06", "2017-07", "2017-08", "2017-09", "2017-10", "2017-11", "2017-12", "2018-01", "2018-02", "2018-03", "2018-04", "2018-05", "2018-06", "2018-07", "2018-08", "2018-09", "2018-10", "2018-11", "2018-12", "2019-01", "2019-02", "2019-03"], "site": [3, 4, 3, 3, 5, 4, 3]}, "presence_by_category": [["Business", 66.66666666666667], ["News and Portals", 33.333333333333336]]}