{"id": "xen-media.com", "name": "xen-media.com", "category": "unknown", "website_url": null, "ghostery_id": null, "company_id": null, "company_name": null, "iab_vendor": null, "truste_type": null, "description": null, "truste_privacy_url": null, "privacy_url": null, "date_range": ["2018-10", "2019-03"], "domains": ["xen-media.com"], "overview": {"reach": 0.0026810791354608, "site_reach_top10k": 454, "site_avg_frequency": 0.025091567411330336, "cookies": 0.7554196504863189, "bad_qs": 6.967873201224178e-06, "tracked": 0.7554196504863189, "https": 0.8436938295869831, "requests": 1.1645672292665126, "requests_tracking": 0.8238919081572376, "content_length": 33.61393569478857, "requests_failed": 0.2774875500880404, "has_blocking": 0.0, "script": 0.0, "iframe": 0.8882941536705079, "beacon": 0.0, "image": 0.0, "stylesheet": 0.0, "font": 0.0, "xhr": 4.129110045169883e-06, "plugin": 0.1294550839280327, "media": 0.0, "referer_leaked": 0.7034769945343486, "referer_leaked_header": 0.7034769945343486, "referer_leaked_url": 0.0, "hosts": 1.0, "reach_rank": 243, "site_reach_rank": 96}, "reach_time_series": {"page": [0.002035483135319403, 0.004648876727733464, 0.004422368166167263, 0.0035563781625400073, 0.003187853587201711, 0.0026810791354608], "ts": ["2018-10", "2018-11", "2018-12", "2019-01", "2019-02", "2019-03"], "site": [363, 1202, 1066, 748, 635, 454]}, "presence_by_category": [["Entertainment", 38.27160493827161], ["Adult", 19.753086419753085], ["News and Portals", 13.580246913580247], ["Reference", 10.493827160493828], ["Business", 9.25925925925926], ["E-Commerce", 6.790123456790123], ["Banking", 0.6172839506172839], ["Political", 0.6172839506172839], ["Recreation", 0.6172839506172839]]}