{"id": "xhamster", "name": "xHamster", "category": "pornvertising", "website_url": null, "ghostery_id": "c_m3", "company_id": null, "company_name": null, "iab_vendor": null, "truste_type": null, "description": null, "truste_privacy_url": null, "privacy_url": null, "date_range": ["2017-05", "2019-03"], "domains": ["xhamster.com", "xhamsterlive.com", "xhamsterpremium.com", "xhcdn.com"], "overview": {"reach": 0.0042683334854589, "site_reach_top10k": 41, "site_avg_frequency": 0.17530571122151276, "cookies": 0.9020258506938928, "bad_qs": 0.00028238128800881315, "tracked": 0.9020558395218387, "https": 0.9799266132854723, "requests": 77.05258208671667, "requests_tracking": 39.95645897755279, "content_length": 4464470.843194093, "requests_failed": 19.891868067312437, "has_blocking": 0.0, "script": 0.9209350224770319, "iframe": 0.2557444005184663, "beacon": 1.6210177268014533e-07, "image": 0.9778374456391705, "stylesheet": 0.9551130465342317, "font": 0.4273809994676578, "xhr": 0.2543451380166913, "plugin": 0.0005876189259655268, "media": 0.49780027894473045, "referer_leaked": 0.8077186055875832, "referer_leaked_header": 0.7679167847307911, "referer_leaked_url": 0.0, "hosts": 1.2829818750765931, "reach_rank": 169, "site_reach_rank": 588}, "reach_time_series": {"page": [0.015050045329312502, 0.015007308759873389, 0.015383253970419213, 0.01591038114376942, 0.013505136123859476, 0.014484986316259761, 0.015811926694339343, 0.015070871546186476, 0.011087270640598428, 0.007977570247811438, 0.00625000292863155, 0.0060589870910347085, 0.007794445767244826, 0.006830706714595536, 0.007159810387699525, 0.005915030846685522, 0.004671708561086805, 0.0047114183603092375, 0.004929769258398113, 0.005717460591869806, 0.004577533324328, 0.004202422223697801, 0.0042683334854589], "ts": ["2017-05", "2017-06", "2017-07", "2017-08", "2017-09", "2017-10", "2017-11", "2017-12", "2018-01", "2018-02", "2018-03", "2018-04", "2018-05", "2018-06", "2018-07", "2018-08", "2018-09", "2018-10", "2018-11", "2018-12", "2019-01", "2019-02", "2019-03"], "site": [40, 45, 42, 57, 46, 40, 41]}, "presence_by_category": [["Adult", 78.94736842105263], ["Entertainment", 10.526315789473685], ["Reference", 10.526315789473685]]}