{"id": "xvideos_com", "name": "xvideos.com", "category": "misc", "website_url": null, "ghostery_id": null, "company_id": null, "company_name": null, "iab_vendor": null, "truste_type": null, "description": null, "truste_privacy_url": null, "privacy_url": null, "date_range": ["2017-05", "2019-03"], "domains": ["xvideos-cdn.com", "xvideos.com"], "overview": {"reach": 0.004554056801316672, "site_reach_top10k": 40, "site_avg_frequency": 0.3153292469566885, "cookies": 0.04621708937032925, "bad_qs": 1.4281555705056096e-05, "tracked": 0.0462287880914919, "https": 0.9660519824318633, "requests": 95.2631823317101, "requests_tracking": 0.3865685918811483, "content_length": 23805087.416620024, "requests_failed": 22.521551779147593, "has_blocking": 0.0, "script": 0.8189118487686564, "iframe": 0.02259281339962406, "beacon": 0.0, "image": 0.9653394239610472, "stylesheet": 0.8151121952938931, "font": 0.2440233208688777, "xhr": 0.8770616337248911, "plugin": 0.006032286039505822, "media": 0.6753639821596021, "referer_leaked": 0.9550957502344302, "referer_leaked_header": 0.9550465244466809, "referer_leaked_url": 0.0, "hosts": 1.0269853033675909, "reach_rank": 155, "site_reach_rank": 599}, "reach_time_series": {"page": [0.0028531496587145843, 0.003075513343353833, 0.003107619165194057, 0.003151124025534107, 0.003200762430344341, 0.006961403686673785, 0.00826999959264669, 0.008701839942180526, 0.006573219881663344, 0.0062833107529601745, 0.00660186043765525, 0.006604352423566985, 0.008138195315623434, 0.00734619791021944, 0.007293700159891019, 0.006749256038459123, 0.005312427429088173, 0.005265755290237061, 0.004921531863109409, 0.005277558993417927, 0.004523891691266723, 0.004424951121036178, 0.004554056801316672], "ts": ["2017-05", "2017-06", "2017-07", "2017-08", "2017-09", "2017-10", "2017-11", "2017-12", "2018-01", "2018-02", "2018-03", "2018-04", "2018-05", "2018-06", "2018-07", "2018-08", "2018-09", "2018-10", "2018-11", "2018-12", "2019-01", "2019-02", "2019-03"], "site": [45, 39, 37, 44, 43, 42, 40]}, "presence_by_category": [["Adult", 89.47368421052632], ["Entertainment", 10.526315789473685]]}