{"id": "youporn", "name": "YouPorn", "category": "pornvertising", "website_url": null, "ghostery_id": null, "company_id": null, "company_name": null, "iab_vendor": null, "truste_type": null, "description": null, "truste_privacy_url": null, "privacy_url": null, "date_range": ["2017-05", "2019-03"], "domains": ["youporn.com", "ypncdn.com"], "overview": {"reach": 0.0007760925871241259, "site_reach_top10k": 22, "site_avg_frequency": 0.23959334484229508, "cookies": 0.021987632792357152, "bad_qs": 0.020462236866974064, "tracked": 0.041746457978952926, "https": 0.9910339527635431, "requests": 77.24268148734572, "requests_tracking": 0.21341456891294813, "content_length": 136638514.56936496, "requests_failed": 21.74225177323933, "has_blocking": 0.0, "script": 0.6483280376864621, "iframe": 0.02141349195311302, "beacon": 8.915230423045514e-07, "image": 0.9761383857727187, "stylesheet": 0.6561484778135576, "font": 0.3453305589136257, "xhr": 0.015646229392444876, "plugin": 0.0017955274072013665, "media": 0.6163820925115631, "referer_leaked": 0.8115231136263948, "referer_leaked_header": 0.8115106323038025, "referer_leaked_url": 0.0, "hosts": 1.0420005420460097, "reach_rank": 626, "site_reach_rank": 767}, "reach_time_series": {"page": [0.00323903659354417, 0.003495996259080528, 0.003509262088682502, 0.0034997753675611062, 0.003167395818549753, 0.0032152484432229947, 0.0033707770841535653, 0.0033869099255396844, 0.0025127535455511797, 0.001368163701168274, 0.0010902364991946056, 0.001127960639787045, 0.0014350253777833603, 0.0012230244078765425, 0.001246920368432056, 0.0010964933130922809, 0.0008612580736095621, 0.0008607686297641581, 0.0009373173418995951, 0.0010307192252421119, 0.0007727076320059802, 0.0007174530011986268, 0.0007760925871241259], "ts": ["2017-05", "2017-06", "2017-07", "2017-08", "2017-09", "2017-10", "2017-11", "2017-12", "2018-01", "2018-02", "2018-03", "2018-04", "2018-05", "2018-06", "2018-07", "2018-08", "2018-09", "2018-10", "2018-11", "2018-12", "2019-01", "2019-02", "2019-03"], "site": [15, 17, 17, 18, 19, 22, 22]}, "presence_by_category": [["Adult", 91.66666666666667], ["Entertainment", 8.333333333333334]]}