{"id": "yume", "name": "YuMe", "category": "advertising", "website_url": null, "ghostery_id": "c_281", "company_id": null, "company_name": null, "iab_vendor": null, "truste_type": null, "description": null, "truste_privacy_url": null, "privacy_url": null, "date_range": ["2017-06", "2019-03"], "domains": ["yume.com"], "overview": {"reach": 1.1112676960013933e-05, "site_reach_top10k": 9, "site_avg_frequency": 0.019784016542586488, "cookies": 0.4290517402403337, "bad_qs": 0.0, "tracked": 0.4290517402403337, "https": 0.7431666770437706, "requests": 1.537824543926281, "requests_tracking": 0.4629848701824295, "content_length": 14674.37469646971, "requests_failed": 1.4029637008903555, "has_blocking": 0.0, "script": 6.226262374696469e-05, "iframe": 0.0, "beacon": 0.0, "image": 0.9988792727725546, "stylesheet": 0.0001867878712408941, "font": 0.0, "xhr": 0.0, "plugin": 0.0010584646036984, "media": 0.0, "referer_leaked": 0.30608305834007843, "referer_leaked_header": 0.30608305834007843, "referer_leaked_url": 0.0, "hosts": 1.0, "reach_rank": 1131, "site_reach_rank": 965}, "reach_time_series": {"page": [0.0010743964935034432, 0.000786937880495118, 0.0007463620410504539, 0.0006431561340973439, 0.00047228889207936845, 0.0005506066845437848, 0.0005026059213945061, 0.0003999268935771875, 0.0006606445681134105, 0.0006421489810443255, 2.907684772798443e-05, 3.474041714695625e-05, 3.561322686021925e-05, 3.266188796426984e-05, 3.191431607619312e-05, 2.517735639107381e-05, 1.0144888455900143e-05, 6.0534381045898395e-06, 2.449161453717337e-06, 1.1522835266562087e-05, 1.4985709385288163e-05, 1.1112676960013933e-05], "ts": ["2017-06", "2017-07", "2017-08", "2017-09", "2017-10", "2017-11", "2017-12", "2018-01", "2018-02", "2018-03", "2018-04", "2018-05", "2018-06", "2018-07", "2018-08", "2018-09", "2018-10", "2018-11", "2018-12", "2019-01", "2019-02", "2019-03"], "site": [4, 5, 2, 1, 5, 6, 9]}, "presence_by_category": [["News and Portals", 66.66666666666667], ["Business", 33.333333333333336]]}