{"id": "zog.link", "name": "zog.link", "category": "unknown", "website_url": null, "ghostery_id": "zog.link", "company_id": null, "company_name": null, "iab_vendor": null, "truste_type": null, "description": null, "truste_privacy_url": null, "privacy_url": null, "date_range": ["2017-05", "2019-03"], "domains": ["zog.link"], "overview": {"reach": 0.00028658404496170417, "site_reach_top10k": 19, "site_avg_frequency": 0.2962632338892056, "cookies": 0.06018406744632976, "bad_qs": 0.0004732059218341075, "tracked": 0.06018406744632976, "https": 0.983563337164048, "requests": 7.592429670977025, "requests_tracking": 0.1923195781707211, "content_length": 100.45633709644709, "requests_failed": 7.341555688611189, "has_blocking": 0.0, "script": 0.19847366947049222, "iframe": 0.5353673140252441, "beacon": 0.0, "image": 0.004666872688292499, "stylesheet": 9.898695303672658e-05, "font": 7.967242561492627e-05, "xhr": 0.8026562303836831, "plugin": 0.0, "media": 0.0, "referer_leaked": 0.047916928217558837, "referer_leaked_header": 0.04719746207109678, "referer_leaked_url": 0.0, "hosts": 1.0, "reach_rank": 848, "site_reach_rank": 797}, "reach_time_series": {"page": [0.0010359970377665996, 0.0011466645414867894, 0.001138791741414892, 0.0010271115564149122, 0.0009885430090239055, 0.0010836043627782672, 0.0014479287515212548, 0.001359939333440201, 0.0008994302816930351, 0.0006909615086787148, 0.0005810184487800809, 0.0007043850237617184, 0.0010991332690503046, 0.0009126582147430625, 0.0009647208790652398, 0.0009625082794221959, 0.0007703167405061228, 0.0005000030800111633, 0.0004944074539137719, 0.0005436240504595626, 0.00040660886712957895, 0.00035173912105015954, 0.00028658404496170417], "ts": ["2017-05", "2017-06", "2017-07", "2017-08", "2017-09", "2017-10", "2017-11", "2017-12", "2018-01", "2018-02", "2018-03", "2018-04", "2018-05", "2018-06", "2018-07", "2018-08", "2018-09", "2018-10", "2018-11", "2018-12", "2019-01", "2019-02", "2019-03"], "site": [19, 21, 20, 23, 20, 20, 19]}, "presence_by_category": [["Adult", 100.0]]}