{"id": "zononi.com", "name": "zononi.com", "category": "pornvertising", "website_url": null, "ghostery_id": "zononi.com", "company_id": null, "company_name": null, "iab_vendor": null, "truste_type": null, "description": null, "truste_privacy_url": null, "privacy_url": null, "date_range": ["2017-05", "2019-03"], "domains": ["zononi.com"], "overview": {"reach": 6.54894456722669e-05, "site_reach_top10k": 2, "site_avg_frequency": 0.41236557474510177, "cookies": 0.39808348564727264, "bad_qs": 0.0, "tracked": 0.39808348564727264, "https": 0.9880191440132698, "requests": 2.1416889414797518, "requests_tracking": 0.7225385891327086, "content_length": 58080.480533750306, "requests_failed": 0.43232506788095215, "has_blocking": 0.0, "script": 0.05734751877951633, "iframe": 0.9559328480417534, "beacon": 0.0, "image": 0.18262881533211484, "stylesheet": 0.004500744841575895, "font": 0.00022186770345796662, "xhr": 0.036787778259078086, "plugin": 0.0, "media": 0.004321137653062302, "referer_leaked": 0.917539170214789, "referer_leaked_header": 0.9174969096998447, "referer_leaked_url": 0.0, "hosts": 1.0, "reach_rank": 1055, "site_reach_rank": 1101}, "reach_time_series": {"page": [0.004807047861607558, 0.00401634818484895, 0.004223219605320854, 0.0033254168699454007, 0.0009159820552925241, 0.001064300726862061, 0.0008720294332322646, 0.0013116478231768038, 0.000951937483864702, 0.0003392803536262695, 0.0001768838329422565, 0.00017419723112536587, 0.0002336835872150729, 0.00017875889880053858, 0.00021192331094944578, 0.00014938991597955207, 7.034595743295974e-05, 8.92665080194342e-05, 0.00013128785171625157, 0.0001578609956464282, 8.020478772956702e-05, 7.002017015520625e-05, 6.54894456722669e-05], "ts": ["2017-05", "2017-06", "2017-07", "2017-08", "2017-09", "2017-10", "2017-11", "2017-12", "2018-01", "2018-02", "2018-03", "2018-04", "2018-05", "2018-06", "2018-07", "2018-08", "2018-09", "2018-10", "2018-11", "2018-12", "2019-01", "2019-02", "2019-03"], "site": [5, 3, 3, 5, 2, 2, 2]}, "presence_by_category": [["Adult", 100.0]]}