{"id": "zukxd6fkxqn.com", "name": "zukxd6fkxqn.com", "category": "unknown", "website_url": null, "ghostery_id": null, "company_id": null, "company_name": null, "iab_vendor": null, "truste_type": null, "description": null, "truste_privacy_url": null, "privacy_url": null, "date_range": ["2018-08", "2019-03"], "domains": ["zukxd6fkxqn.com"], "overview": {"reach": 7.123571191676697e-05, "site_reach_top10k": 5, "site_avg_frequency": 0.31881881304243537, "cookies": 0.03154745716616807, "bad_qs": 0.0, "tracked": 0.03154745716616807, "https": 0.7614514938420296, "requests": 2.085852208710517, "requests_tracking": 0.03946346011888574, "content_length": 91.31274525039822, "requests_failed": 2.047253195539842, "has_blocking": 0.0, "script": 0.9982419674424026, "iframe": 0.0016317650258362796, "beacon": 0.0, "image": 0.0007284665293911962, "stylesheet": 0.9819340300710984, "font": 0.0, "xhr": 0.0, "plugin": 0.0, "media": 0.0, "referer_leaked": 0.03939546990947589, "referer_leaked_header": 0.03939546990947589, "referer_leaked_url": 0.0, "hosts": 1.0, "reach_rank": 1046, "site_reach_rank": 1037}, "reach_time_series": {"page": [0.0015251742802342204, 0.0007261916384982079, 0.0003298002363831599, 0.00016253264600629043, 0.00015732224205231086, 0.0005772769513899079, 0.00041772835815974434, 7.123571191676697e-05], "ts": ["2018-08", "2018-09", "2018-10", "2018-11", "2018-12", "2019-01", "2019-02", "2019-03"], "site": [61, 27, 16, 10, 10, 7, 5]}, "presence_by_category": [["Entertainment", 60.0], ["Business", 40.0]]}